user_id,variant,converted,revenue,pre_metric
0,B,0,0.0,0.32
1,B,0,0.0,0.36
2,B,0,0.0,3.35
3,B,0,0.0,5.44
4,B,0,0.0,3.59
5,B,0,0.0,10.88
6,B,1,14.35,6.79
7,A,0,0.0,4.53
8,A,0,0.0,1.8
9,A,0,0.0,1.62
10,A,1,9.83,3.09
11,B,0,0.0,1.3
12,B,0,0.0,3.15
13,A,0,0.0,0.45
14,A,0,0.0,2.1
15,B,1,11.79,2.04
16,A,0,0.0,3.19
17,B,0,0.0,3.37
18,A,0,0.0,2.26
19,A,0,0.0,4.62
20,B,0,0.0,4.67
21,A,0,0.0,3.44
22,A,0,0.0,6.7
23,A,0,0.0,4.4
24,B,0,0.0,3.65
25,A,0,0.0,3.27
26,B,0,0.0,8.12
27,A,0,0.0,1.13
28,A,0,0.0,1.53
29,B,0,0.0,4.79
30,B,0,0.0,4.95
31,B,0,0.0,11.14
32,B,0,0.0,0.25
33,B,0,0.0,2.51
34,B,0,0.0,0.3
35,B,0,0.0,7.36
36,B,0,0.0,13.82
37,B,0,0.0,2.87
38,A,0,0.0,4.88
39,B,0,0.0,5.52
40,A,0,0.0,0.52
41,A,0,0.0,2.51
42,B,0,0.0,4.29
43,A,0,0.0,0.92
44,B,0,0.0,2.16
45,B,0,0.0,7.15
46,A,0,0.0,4.77
47,A,0,0.0,1.24
48,A,0,0.0,1.44
49,A,0,0.0,4.65
50,A,0,0.0,0.93
51,B,0,0.0,1.72
52,B,0,0.0,3.03
53,A,0,0.0,6.34
54,B,0,0.0,2.02
55,B,0,0.0,2.62
56,B,0,0.0,3.66
57,B,0,0.0,2.32
58,A,0,0.0,2.71
59,B,0,0.0,8.9
60,A,0,0.0,9.46
61,A,0,0.0,4.42
62,A,0,0.0,4.15
63,A,0,0.0,4.0
64,B,0,0.0,7.97
65,A,0,0.0,2.61
66,A,0,0.0,6.64
67,A,0,0.0,5.85
68,B,0,0.0,9.88
69,B,0,0.0,6.39
70,B,0,0.0,2.5
71,A,0,0.0,4.45
72,B,0,0.0,4.36
73,A,0,0.0,1.63
74,A,0,0.0,2.39
75,A,0,0.0,1.21
76,B,0,0.0,0.75
77,B,0,0.0,5.17
78,B,0,0.0,1.06
79,A,0,0.0,3.71
80,B,1,2.49,1.93
81,A,0,0.0,6.65
82,B,0,0.0,4.38
83,B,0,0.0,4.5
84,A,0,0.0,6.0
85,B,0,0.0,3.64
86,B,0,0.0,1.21
87,B,0,0.0,3.42
88,B,0,0.0,4.46
89,B,0,0.0,3.2
90,A,0,0.0,4.12
91,B,0,0.0,1.09
92,A,0,0.0,3.99
93,A,0,0.0,12.35
94,A,0,0.0,1.55
95,B,0,0.0,1.59
96,B,0,0.0,15.63
97,B,0,0.0,5.54
98,B,0,0.0,10.54
99,B,0,0.0,7.57
100,B,0,0.0,0.88
101,A,0,0.0,8.78
102,B,0,0.0,3.95
103,B,0,0.0,1.85
104,A,1,4.99,5.34
105,A,0,0.0,4.4
106,B,0,0.0,4.81
107,A,1,8.6,1.13
108,B,0,0.0,12.77
109,A,0,0.0,3.01
110,A,0,0.0,6.47
111,A,0,0.0,0.66
112,A,0,0.0,1.12
113,B,0,0.0,4.96
114,A,0,0.0,5.89
115,A,0,0.0,1.93
116,B,1,10.25,5.57
117,B,0,0.0,1.93
118,A,0,0.0,2.14
119,B,0,0.0,1.9
120,A,0,0.0,1.36
121,B,0,0.0,0.91
122,A,0,0.0,3.49
123,B,0,0.0,6.82
124,B,0,0.0,5.38
125,B,0,0.0,13.39
126,B,0,0.0,2.81
127,A,0,0.0,4.41
128,B,0,0.0,1.7
129,A,0,0.0,3.53
130,A,0,0.0,6.44
131,A,0,0.0,4.12
132,A,0,0.0,1.59
133,A,1,9.12,1.37
134,B,0,0.0,2.04
135,A,0,0.0,1.23
136,A,0,0.0,1.1
137,B,0,0.0,3.76
138,B,0,0.0,1.01
139,A,0,0.0,1.67
140,A,0,0.0,4.41
141,B,0,0.0,0.51
142,A,0,0.0,5.0
143,A,0,0.0,1.33
144,A,0,0.0,0.91
145,B,0,0.0,2.53
146,A,0,0.0,2.15
147,B,0,0.0,2.55
148,B,0,0.0,8.18
149,A,0,0.0,3.45
150,B,0,0.0,2.24
151,B,1,12.73,4.34
152,A,1,8.92,3.94
153,B,0,0.0,1.35
154,B,0,0.0,2.16
155,B,0,0.0,1.92
156,B,0,0.0,1.04
157,B,0,0.0,3.08
158,A,0,0.0,1.91
159,A,1,8.83,2.8
160,B,0,0.0,3.44
161,A,0,0.0,1.88
162,B,0,0.0,8.31
163,B,0,0.0,3.64
164,A,0,0.0,2.77
165,B,0,0.0,3.47
166,A,0,0.0,7.87
167,A,0,0.0,1.3
168,A,0,0.0,5.5
169,B,0,0.0,1.26
170,B,0,0.0,4.74
171,B,0,0.0,1.04
172,B,0,0.0,2.67
173,B,0,0.0,1.81
174,A,0,0.0,2.26
175,A,0,0.0,6.12
176,B,0,0.0,6.59
177,A,0,0.0,3.19
178,A,0,0.0,1.91
179,A,0,0.0,5.96
180,B,0,0.0,1.16
181,A,0,0.0,0.82
182,B,0,0.0,2.99
183,B,0,0.0,2.97
184,B,0,0.0,3.75
185,A,0,0.0,3.21
186,B,0,0.0,16.15
187,B,0,0.0,1.61
188,A,0,0.0,2.33
189,A,0,0.0,1.78
190,A,0,0.0,6.18
191,B,0,0.0,1.68
192,A,0,0.0,1.12
193,A,0,0.0,2.81
194,B,0,0.0,1.96
195,A,0,0.0,4.04
196,B,0,0.0,0.37
197,A,0,0.0,5.64
198,B,0,0.0,3.9
199,A,0,0.0,2.39
200,A,0,0.0,1.9
201,B,0,0.0,4.3
202,A,0,0.0,2.56
203,B,0,0.0,4.24
204,B,0,0.0,10.02
205,A,0,0.0,3.36
206,A,1,5.74,6.74
207,B,0,0.0,4.92
208,A,1,16.55,1.94
209,B,0,0.0,7.58
210,B,0,0.0,5.42
211,A,0,0.0,1.39
212,A,0,0.0,4.07
213,B,0,0.0,10.32
214,A,0,0.0,6.17
215,B,0,0.0,5.54
216,B,0,0.0,2.27
217,A,0,0.0,3.18
218,B,0,0.0,4.48
219,B,0,0.0,1.76
220,B,0,0.0,0.59
221,B,0,0.0,9.16
222,B,0,0.0,1.84
223,B,0,0.0,9.19
224,B,0,0.0,2.79
225,A,0,0.0,1.51
226,A,0,0.0,1.2
227,B,0,0.0,6.62
228,A,0,0.0,2.48
229,A,0,0.0,0.93
230,B,0,0.0,4.29
231,B,0,0.0,3.21
232,B,0,0.0,1.91
233,B,0,0.0,1.82
234,B,1,11.83,1.82
235,A,0,0.0,3.22
236,B,0,0.0,2.12
237,A,0,0.0,1.16
238,B,0,0.0,6.39
239,B,0,0.0,7.9
240,B,0,0.0,2.82
241,A,0,0.0,3.26
242,B,0,0.0,6.41
243,B,0,0.0,1.85
244,A,0,0.0,4.19
245,B,0,0.0,7.43
246,B,0,0.0,2.66
247,B,1,12.11,0.4
248,A,0,0.0,1.08
249,B,1,15.24,1.76
250,A,0,0.0,3.16
251,A,0,0.0,0.61
252,A,0,0.0,0.79
253,A,0,0.0,4.37
254,B,0,0.0,5.12
255,A,0,0.0,2.86
256,A,0,0.0,7.06
257,A,0,0.0,6.86
258,A,0,0.0,6.48
259,A,0,0.0,1.04
260,A,1,11.81,10.61
261,B,0,0.0,0.85
262,B,0,0.0,2.48
263,B,0,0.0,0.23
264,B,0,0.0,4.09
265,A,0,0.0,2.73
266,A,0,0.0,5.14
267,A,0,0.0,2.61
268,A,0,0.0,1.06
269,B,0,0.0,3.03
270,A,0,0.0,0.81
271,A,0,0.0,11.72
272,A,1,12.43,0.6
273,B,0,0.0,5.12
274,A,1,8.08,1.2
275,B,0,0.0,1.69
276,B,0,0.0,2.0
277,B,0,0.0,5.54
278,B,1,10.91,3.28
279,B,0,0.0,3.55
280,B,0,0.0,0.86
281,B,0,0.0,5.76
282,B,0,0.0,2.61
283,B,0,0.0,2.23
284,B,0,0.0,8.38
285,A,0,0.0,6.18
286,B,0,0.0,3.39
287,B,0,0.0,5.58
288,A,0,0.0,1.11
289,A,0,0.0,2.88
290,B,0,0.0,3.76
291,B,0,0.0,2.36
292,A,0,0.0,1.88
293,A,0,0.0,2.98
294,A,0,0.0,1.13
295,A,0,0.0,3.0
296,A,0,0.0,7.06
297,B,0,0.0,4.83
298,B,0,0.0,4.02
299,B,0,0.0,2.06
300,B,0,0.0,11.82
301,A,0,0.0,3.51
302,B,0,0.0,1.29
303,B,0,0.0,12.59
304,B,0,0.0,12.1
305,B,0,0.0,3.53
306,A,0,0.0,5.26
307,B,0,0.0,4.59
308,A,0,0.0,3.81
309,B,0,0.0,5.92
310,B,0,0.0,1.95
311,B,0,0.0,1.97
312,A,1,8.52,1.42
313,A,1,9.47,4.55
314,B,0,0.0,3.36
315,A,0,0.0,3.14
316,B,0,0.0,6.65
317,A,0,0.0,2.2
318,A,0,0.0,2.95
319,A,0,0.0,4.73
320,A,0,0.0,11.17
321,A,0,0.0,11.07
322,A,0,0.0,5.57
323,B,0,0.0,3.71
324,B,1,9.6,5.42
325,B,0,0.0,5.47
326,B,1,17.28,6.68
327,A,0,0.0,3.28
328,B,0,0.0,0.88
329,B,0,0.0,5.52
330,B,0,0.0,2.33
331,A,0,0.0,3.4
332,A,0,0.0,1.83
333,B,0,0.0,3.96
334,A,0,0.0,0.98
335,B,0,0.0,2.67
336,A,0,0.0,5.56
337,A,0,0.0,2.8
338,A,0,0.0,2.61
339,B,0,0.0,7.95
340,B,0,0.0,14.69
341,A,0,0.0,2.99
342,A,0,0.0,2.74
343,B,0,0.0,1.43
344,A,0,0.0,4.3
345,B,0,0.0,6.65
346,A,0,0.0,4.24
347,A,0,0.0,2.37
348,B,0,0.0,4.97
349,A,0,0.0,3.49
350,B,0,0.0,2.56
351,A,0,0.0,1.36
352,A,0,0.0,4.63
353,B,0,0.0,3.48
354,B,1,15.79,8.05
355,B,0,0.0,2.0
356,B,0,0.0,3.68
357,B,0,0.0,4.71
358,B,0,0.0,2.24
359,A,0,0.0,2.64
360,B,0,0.0,2.76
361,B,0,0.0,4.53
362,B,0,0.0,9.73
363,B,0,0.0,4.92
364,B,0,0.0,0.85
365,B,1,17.08,1.58
366,B,0,0.0,3.26
367,B,0,0.0,5.62
368,B,0,0.0,3.97
369,B,1,12.49,5.32
370,A,0,0.0,1.81
371,A,0,0.0,15.71
372,A,0,0.0,2.72
373,A,0,0.0,0.82
374,A,0,0.0,3.49
375,A,0,0.0,10.73
376,A,0,0.0,1.53
377,A,0,0.0,5.22
378,B,0,0.0,4.73
379,A,0,0.0,9.36
380,B,0,0.0,4.31
381,A,0,0.0,6.24
382,B,0,0.0,4.26
383,B,0,0.0,4.84
384,A,0,0.0,1.58
385,A,0,0.0,1.3
386,A,0,0.0,4.05
387,B,0,0.0,3.39
388,A,1,9.33,3.79
389,A,0,0.0,7.81
390,A,0,0.0,1.06
391,B,0,0.0,3.3
392,A,0,0.0,7.35
393,A,0,0.0,1.11
394,A,0,0.0,1.51
395,A,0,0.0,0.53
396,B,0,0.0,5.3
397,B,1,10.59,4.67
398,B,0,0.0,0.81
399,B,1,9.79,7.31
400,B,0,0.0,2.29
401,B,0,0.0,2.56
402,A,0,0.0,4.74
403,B,0,0.0,5.84
404,A,0,0.0,1.45
405,B,0,0.0,4.05
406,A,0,0.0,3.14
407,A,0,0.0,8.59
408,B,0,0.0,1.79
409,B,0,0.0,8.51
410,A,0,0.0,0.56
411,A,0,0.0,5.18
412,A,0,0.0,9.17
413,B,0,0.0,5.41
414,A,0,0.0,8.05
415,B,0,0.0,6.77
416,B,0,0.0,0.86
417,B,1,10.88,2.0
418,A,1,9.03,7.49
419,A,0,0.0,4.09
420,B,0,0.0,3.04
421,A,0,0.0,8.67
422,B,0,0.0,4.76
423,A,0,0.0,1.2
424,A,0,0.0,3.59
425,A,0,0.0,2.43
426,A,0,0.0,1.42
427,B,1,5.21,2.78
428,A,0,0.0,2.34
429,B,0,0.0,3.29
430,A,0,0.0,3.12
431,A,0,0.0,2.53
432,B,0,0.0,2.27
433,B,0,0.0,3.33
434,A,0,0.0,2.91
435,B,0,0.0,3.31
436,A,0,0.0,3.2
437,A,0,0.0,1.62
438,B,0,0.0,3.86
439,B,0,0.0,1.28
440,B,0,0.0,4.88
441,B,0,0.0,9.88
442,A,0,0.0,3.07
443,A,0,0.0,3.52
444,B,0,0.0,12.82
445,B,0,0.0,3.09
446,A,0,0.0,1.26
447,B,0,0.0,4.43
448,A,0,0.0,1.52
449,B,0,0.0,5.34
450,B,0,0.0,1.09
451,A,0,0.0,3.62
452,A,0,0.0,4.1
453,B,0,0.0,7.19
454,A,1,11.69,4.5
455,B,0,0.0,1.23
456,B,0,0.0,3.94
457,B,0,0.0,3.59
458,B,0,0.0,9.07
459,B,0,0.0,2.43
460,A,0,0.0,2.76
461,A,0,0.0,4.59
462,A,0,0.0,2.79
463,B,0,0.0,1.36
464,A,0,0.0,1.81
465,B,0,0.0,3.68
466,A,1,10.12,3.29
467,B,0,0.0,1.47
468,A,0,0.0,2.79
469,A,1,13.25,3.52
470,A,0,0.0,0.37
471,A,0,0.0,0.77
472,A,0,0.0,0.39
473,B,1,12.38,0.61
474,B,0,0.0,3.88
475,A,0,0.0,3.64
476,A,0,0.0,0.51
477,B,1,9.44,5.35
478,B,0,0.0,6.4
479,B,0,0.0,3.35
480,B,1,11.34,4.3
481,A,0,0.0,4.36
482,A,0,0.0,1.98
483,A,0,0.0,8.72
484,B,0,0.0,1.49
485,A,0,0.0,2.35
486,B,0,0.0,0.2
487,B,0,0.0,5.53
488,B,0,0.0,1.93
489,A,0,0.0,9.56
490,B,0,0.0,9.02
491,A,0,0.0,0.26
492,B,0,0.0,2.85
493,A,0,0.0,3.22
494,A,0,0.0,2.3
495,B,0,0.0,1.45
496,B,0,0.0,2.47
497,B,0,0.0,3.34
498,B,0,0.0,3.09
499,A,0,0.0,2.6
500,A,0,0.0,4.27
501,A,0,0.0,2.64
502,B,1,15.43,7.97
503,B,0,0.0,1.66
504,A,0,0.0,3.06
505,A,1,6.06,4.5
506,B,0,0.0,4.82
507,A,0,0.0,8.15
508,A,0,0.0,2.05
509,A,0,0.0,6.17
510,B,0,0.0,3.1
511,A,0,0.0,0.49
512,B,0,0.0,5.75
513,A,0,0.0,0.99
514,A,0,0.0,2.14
515,B,0,0.0,4.53
516,B,0,0.0,2.03
517,B,0,0.0,1.48
518,B,0,0.0,4.59
519,A,0,0.0,6.29
520,A,0,0.0,1.95
521,A,0,0.0,2.42
522,A,0,0.0,4.22
523,B,0,0.0,3.34
524,B,0,0.0,2.6
525,A,0,0.0,10.0
526,B,0,0.0,2.51
527,A,0,0.0,1.5
528,B,0,0.0,2.33
529,A,0,0.0,4.14
530,B,1,15.64,1.77
531,A,0,0.0,1.41
532,B,0,0.0,0.75
533,B,0,0.0,11.33
534,B,0,0.0,4.69
535,A,0,0.0,1.13
536,B,0,0.0,4.5
537,A,0,0.0,4.3
538,B,0,0.0,6.93
539,B,0,0.0,1.4
540,A,0,0.0,6.93
541,B,0,0.0,5.5
542,B,0,0.0,1.14
543,A,0,0.0,3.6
544,A,0,0.0,3.71
545,A,0,0.0,3.96
546,A,1,18.54,0.31
547,B,0,0.0,3.78
548,B,0,0.0,2.35
549,A,0,0.0,5.54
550,A,0,0.0,3.66
551,B,1,14.36,1.97
552,A,0,0.0,1.35
553,A,0,0.0,2.55
554,B,0,0.0,3.85
555,B,0,0.0,3.01
556,A,0,0.0,0.88
557,B,0,0.0,8.58
558,B,0,0.0,5.61
559,B,0,0.0,3.31
560,B,0,0.0,3.65
561,B,0,0.0,4.66
562,A,0,0.0,3.75
563,A,0,0.0,2.7
564,B,0,0.0,6.66
565,A,0,0.0,2.8
566,A,0,0.0,2.53
567,B,0,0.0,3.29
568,B,0,0.0,2.94
569,B,0,0.0,3.6
570,B,0,0.0,19.88
571,A,1,4.72,2.13
572,A,0,0.0,4.42
573,A,0,0.0,5.75
574,B,0,0.0,0.83
575,B,1,10.51,2.6
576,A,1,9.2,0.78
577,B,0,0.0,1.79
578,B,0,0.0,0.81
579,B,0,0.0,3.66
580,B,0,0.0,1.97
581,A,0,0.0,6.27
582,B,0,0.0,2.52
583,A,0,0.0,2.34
584,A,0,0.0,1.96
585,B,0,0.0,1.59
586,A,0,0.0,6.29
587,B,0,0.0,0.95
588,A,0,0.0,6.97
589,B,0,0.0,2.71
590,A,0,0.0,1.03
591,B,0,0.0,3.38
592,B,0,0.0,1.88
593,B,0,0.0,1.82
594,B,0,0.0,7.18
595,B,0,0.0,4.85
596,A,0,0.0,0.09
597,B,0,0.0,2.67
598,B,0,0.0,2.65
599,A,0,0.0,2.13
600,A,0,0.0,8.5
601,B,0,0.0,1.5
602,A,0,0.0,1.53
603,A,0,0.0,3.47
604,B,0,0.0,6.58
605,B,0,0.0,0.83
606,B,0,0.0,2.66
607,B,0,0.0,2.44
608,A,0,0.0,4.8
609,B,0,0.0,12.2
610,A,0,0.0,5.47
611,A,0,0.0,2.16
612,A,1,16.83,1.62
613,A,0,0.0,0.13
614,A,0,0.0,3.26
615,A,0,0.0,5.7
616,A,0,0.0,5.01
617,A,0,0.0,2.01
618,A,0,0.0,8.59
619,B,0,0.0,1.13
620,A,0,0.0,6.44
621,B,0,0.0,4.42
622,A,0,0.0,1.94
623,A,0,0.0,6.32
624,B,0,0.0,1.2
625,B,0,0.0,1.46
626,A,0,0.0,4.0
627,B,0,0.0,10.17
628,B,0,0.0,5.77
629,A,0,0.0,1.84
630,A,0,0.0,9.07
631,B,0,0.0,13.61
632,A,1,8.84,3.88
633,B,0,0.0,3.38
634,A,0,0.0,1.29
635,A,0,0.0,1.26
636,B,0,0.0,0.85
637,A,0,0.0,1.32
638,A,0,0.0,0.68
639,B,0,0.0,2.44
640,B,0,0.0,1.66
641,B,0,0.0,2.24
642,A,0,0.0,4.19
643,A,0,0.0,1.21
644,A,0,0.0,1.67
645,B,0,0.0,3.35
646,B,0,0.0,13.45
647,B,1,9.69,5.63
648,A,0,0.0,0.39
649,B,0,0.0,5.01
650,A,0,0.0,4.43
651,A,0,0.0,2.46
652,A,0,0.0,1.46
653,A,0,0.0,3.97
654,B,0,0.0,10.06
655,B,0,0.0,6.04
656,A,0,0.0,2.39
657,A,0,0.0,2.37
658,A,1,16.68,4.59
659,A,1,13.06,4.37
660,B,0,0.0,7.9
661,B,0,0.0,3.19
662,B,0,0.0,2.62
663,A,0,0.0,1.9
664,B,1,9.03,2.31
665,B,0,0.0,1.76
666,B,0,0.0,1.59
667,A,0,0.0,0.61
668,A,0,0.0,1.83
669,B,1,8.02,4.39
670,B,0,0.0,6.82
671,A,0,0.0,2.92
672,B,0,0.0,9.81
673,B,0,0.0,8.39
674,A,0,0.0,0.35
675,A,0,0.0,3.58
676,A,0,0.0,3.48
677,A,0,0.0,4.91
678,A,0,0.0,7.0
679,A,0,0.0,2.27
680,A,0,0.0,6.32
681,A,0,0.0,0.47
682,A,0,0.0,4.93
683,A,0,0.0,1.04
684,A,0,0.0,1.03
685,B,0,0.0,5.93
686,A,0,0.0,1.78
687,A,0,0.0,4.98
688,B,0,0.0,2.96
689,A,0,0.0,3.89
690,B,0,0.0,2.33
691,B,0,0.0,0.58
692,A,0,0.0,7.46
693,B,0,0.0,7.48
694,A,0,0.0,3.47
695,B,0,0.0,2.94
696,B,0,0.0,1.69
697,A,1,16.16,1.38
698,A,0,0.0,1.34
699,A,0,0.0,0.9
700,B,1,13.39,2.84
701,A,0,0.0,7.31
702,B,0,0.0,2.19
703,A,0,0.0,4.43
704,A,0,0.0,4.61
705,A,1,11.08,1.69
706,B,0,0.0,5.17
707,B,0,0.0,3.02
708,B,0,0.0,8.47
709,A,0,0.0,7.8
710,A,1,13.78,2.6
711,A,0,0.0,2.61
712,B,0,0.0,9.68
713,B,0,0.0,1.41
714,B,0,0.0,10.68
715,A,0,0.0,7.63
716,B,0,0.0,2.22
717,A,1,18.83,2.98
718,A,0,0.0,5.97
719,B,0,0.0,1.15
720,B,0,0.0,1.35
721,A,0,0.0,5.99
722,A,0,0.0,4.12
723,B,0,0.0,4.36
724,B,0,0.0,15.34
725,A,0,0.0,3.84
726,B,0,0.0,2.24
727,B,0,0.0,6.56
728,B,0,0.0,5.01
729,B,0,0.0,2.2
730,A,0,0.0,1.4
731,B,0,0.0,4.5
732,B,0,0.0,2.32
733,A,0,0.0,1.63
734,B,0,0.0,1.87
735,B,0,0.0,8.06
736,A,0,0.0,2.81
737,B,0,0.0,3.88
738,A,0,0.0,0.82
739,A,0,0.0,0.95
740,A,0,0.0,0.52
741,A,0,0.0,3.49
742,A,1,8.92,1.87
743,A,0,0.0,0.32
744,B,0,0.0,12.89
745,B,0,0.0,3.38
746,B,0,0.0,1.65
747,B,0,0.0,6.48
748,A,0,0.0,4.39
749,A,0,0.0,4.22
750,B,0,0.0,8.68
751,B,0,0.0,2.74
752,B,0,0.0,5.54
753,A,0,0.0,1.48
754,B,0,0.0,1.17
755,B,0,0.0,1.27
756,A,0,0.0,3.94
757,A,0,0.0,3.29
758,B,0,0.0,2.11
759,B,0,0.0,4.36
760,B,0,0.0,6.91
761,A,0,0.0,0.87
762,B,0,0.0,5.06
763,A,0,0.0,6.21
764,A,0,0.0,4.15
765,B,0,0.0,4.79
766,B,0,0.0,2.56
767,A,0,0.0,1.09
768,B,0,0.0,6.91
769,A,0,0.0,1.65
770,B,0,0.0,4.92
771,A,0,0.0,8.41
772,B,0,0.0,6.82
773,B,0,0.0,3.79
774,A,0,0.0,3.8
775,B,0,0.0,6.93
776,B,0,0.0,7.79
777,B,0,0.0,1.32
778,B,0,0.0,0.8
779,B,0,0.0,4.14
780,B,0,0.0,4.92
781,B,0,0.0,3.34
782,A,0,0.0,3.44
783,B,0,0.0,2.3
784,B,0,0.0,3.85
785,B,1,12.67,0.71
786,B,1,9.77,4.71
787,B,1,9.45,6.21
788,A,0,0.0,4.79
789,A,0,0.0,1.32
790,A,0,0.0,2.27
791,A,1,10.6,3.94
792,A,1,6.29,2.95
793,B,0,0.0,3.9
794,B,0,0.0,4.19
795,A,0,0.0,1.32
796,A,0,0.0,4.53
797,B,0,0.0,13.48
798,B,0,0.0,2.37
799,B,1,11.98,1.73
800,B,0,0.0,4.07
801,A,0,0.0,3.65
802,B,0,0.0,6.37
803,B,1,11.96,5.11
804,B,0,0.0,6.47
805,A,0,0.0,2.36
806,A,0,0.0,6.26
807,B,0,0.0,5.4
808,A,0,0.0,7.46
809,A,0,0.0,8.1
810,A,0,0.0,1.59
811,B,0,0.0,1.38
812,A,0,0.0,2.15
813,B,0,0.0,8.23
814,A,0,0.0,4.15
815,B,1,18.94,0.86
816,A,0,0.0,2.8
817,A,1,5.7,0.75
818,B,0,0.0,11.73
819,B,0,0.0,4.95
820,A,0,0.0,1.13
821,B,0,0.0,4.43
822,B,0,0.0,15.34
823,B,0,0.0,4.56
824,B,0,0.0,0.93
825,B,0,0.0,2.46
826,A,0,0.0,5.47
827,A,0,0.0,10.15
828,A,0,0.0,5.74
829,A,0,0.0,5.19
830,A,0,0.0,1.27
831,B,0,0.0,5.51
832,A,0,0.0,9.26
833,B,0,0.0,1.62
834,B,0,0.0,1.61
835,A,0,0.0,1.56
836,A,0,0.0,4.44
837,B,0,0.0,2.97
838,A,0,0.0,10.29
839,A,0,0.0,8.3
840,A,0,0.0,5.39
841,B,0,0.0,4.29
842,B,0,0.0,0.78
843,B,0,0.0,2.75
844,A,0,0.0,3.36
845,A,0,0.0,9.7
846,B,0,0.0,3.45
847,B,0,0.0,7.34
848,B,0,0.0,4.66
849,A,0,0.0,5.37
850,B,0,0.0,2.41
851,B,0,0.0,0.85
852,B,0,0.0,6.07
853,A,0,0.0,7.14
854,A,0,0.0,0.47
855,A,0,0.0,2.23
856,A,0,0.0,3.13
857,B,0,0.0,5.57
858,B,0,0.0,1.02
859,B,1,12.0,12.3
860,B,1,12.48,2.9
861,B,0,0.0,4.74
862,B,0,0.0,3.34
863,A,0,0.0,7.53
864,B,0,0.0,5.71
865,B,0,0.0,7.08
866,A,0,0.0,2.52
867,B,0,0.0,4.46
868,A,0,0.0,5.44
869,B,0,0.0,14.17
870,B,1,14.41,6.25
871,A,0,0.0,3.46
872,B,0,0.0,8.97
873,A,0,0.0,2.13
874,A,0,0.0,4.76
875,B,0,0.0,4.55
876,A,0,0.0,2.49
877,B,0,0.0,2.9
878,B,1,18.93,4.89
879,A,0,0.0,0.71
880,B,1,9.48,3.79
881,B,0,0.0,0.37
882,A,1,7.96,0.3
883,A,0,0.0,6.81
884,A,0,0.0,3.25
885,A,0,0.0,5.71
886,A,0,0.0,4.46
887,B,0,0.0,8.22
888,B,0,0.0,2.98
889,A,1,3.65,2.23
890,B,0,0.0,2.69
891,A,0,0.0,0.4
892,B,0,0.0,5.84
893,B,0,0.0,0.43
894,B,0,0.0,4.67
895,B,0,0.0,5.61
896,A,0,0.0,1.09
897,B,0,0.0,1.21
898,A,1,12.19,0.94
899,B,0,0.0,1.43
900,A,0,0.0,2.53
901,A,0,0.0,1.81
902,B,0,0.0,2.19
903,B,0,0.0,1.46
904,A,0,0.0,10.54
905,B,0,0.0,3.43
906,A,0,0.0,1.91
907,B,0,0.0,1.22
908,B,0,0.0,4.8
909,B,0,0.0,3.4
910,A,0,0.0,6.04
911,A,0,0.0,3.26
912,A,0,0.0,5.48
913,B,0,0.0,1.89
914,A,0,0.0,0.51
915,A,0,0.0,1.97
916,A,0,0.0,1.28
917,B,0,0.0,1.35
918,B,0,0.0,5.37
919,A,0,0.0,4.51
920,A,0,0.0,3.49
921,A,0,0.0,2.17
922,A,0,0.0,4.94
923,B,0,0.0,2.81
924,B,0,0.0,3.74
925,B,0,0.0,5.57
926,A,0,0.0,2.54
927,A,1,14.56,2.28
928,A,0,0.0,6.9
929,B,0,0.0,2.35
930,B,0,0.0,3.08
931,A,0,0.0,6.88
932,A,0,0.0,2.72
933,B,1,12.5,2.16
934,A,0,0.0,9.74
935,B,0,0.0,5.07
936,B,0,0.0,1.34
937,A,0,0.0,3.36
938,B,0,0.0,2.08
939,B,0,0.0,2.77
940,B,0,0.0,8.31
941,A,0,0.0,0.59
942,B,0,0.0,0.65
943,A,0,0.0,4.83
944,B,0,0.0,1.93
945,B,1,12.48,1.66
946,A,0,0.0,0.81
947,B,0,0.0,8.27
948,A,0,0.0,7.46
949,B,0,0.0,2.77
950,B,0,0.0,1.9
951,B,0,0.0,5.16
952,B,0,0.0,6.42
953,B,0,0.0,4.15
954,A,0,0.0,3.05
955,B,0,0.0,1.14
956,A,0,0.0,3.75
957,A,0,0.0,12.2
958,A,0,0.0,1.48
959,A,0,0.0,0.7
960,A,0,0.0,2.88
961,A,0,0.0,6.84
962,B,0,0.0,7.18
963,A,1,13.28,2.16
964,A,0,0.0,2.12
965,A,0,0.0,8.76
966,B,0,0.0,3.78
967,B,0,0.0,5.94
968,B,1,15.44,2.96
969,A,0,0.0,5.5
970,A,0,0.0,3.51
971,A,0,0.0,7.95
972,B,0,0.0,1.56
973,A,0,0.0,1.02
974,A,0,0.0,4.77
975,B,0,0.0,0.39
976,B,0,0.0,4.64
977,B,0,0.0,7.07
978,A,0,0.0,4.69
979,B,0,0.0,3.7
980,B,0,0.0,5.24
981,A,0,0.0,3.67
982,A,0,0.0,0.8
983,A,0,0.0,3.05
984,A,0,0.0,1.5
985,B,0,0.0,8.88
986,A,0,0.0,5.63
987,A,1,15.76,2.95
988,B,0,0.0,4.28
989,B,0,0.0,2.64
990,A,0,0.0,8.5
991,A,0,0.0,1.65
992,A,0,0.0,11.59
993,B,0,0.0,7.22
994,A,0,0.0,1.36
995,A,0,0.0,2.39
996,B,1,12.75,4.06
997,A,0,0.0,4.9
998,A,0,0.0,6.92
999,A,0,0.0,2.35
1000,B,0,0.0,1.54
1001,A,1,10.52,3.3
1002,A,0,0.0,1.6
1003,B,0,0.0,2.34
1004,A,0,0.0,1.18
1005,B,0,0.0,13.75
1006,A,0,0.0,5.44
1007,A,0,0.0,3.12
1008,B,0,0.0,5.54
1009,B,0,0.0,3.28
1010,B,0,0.0,1.93
1011,A,0,0.0,4.87
1012,B,0,0.0,1.05
1013,A,0,0.0,1.72
1014,B,0,0.0,6.44
1015,B,0,0.0,3.7
1016,A,0,0.0,5.85
1017,A,1,13.54,4.19
1018,B,0,0.0,0.99
1019,A,0,0.0,2.31
1020,B,1,14.55,6.81
1021,B,0,0.0,3.01
1022,B,0,0.0,5.89
1023,B,0,0.0,3.45
1024,B,0,0.0,1.12
1025,A,1,8.47,6.24
1026,A,0,0.0,2.56
1027,B,0,0.0,9.2
1028,B,0,0.0,2.92
1029,B,0,0.0,2.04
1030,A,0,0.0,2.34
1031,A,0,0.0,4.09
1032,A,0,0.0,0.46
1033,A,0,0.0,2.36
1034,A,0,0.0,0.24
1035,B,0,0.0,6.36
1036,B,0,0.0,3.43
1037,A,0,0.0,6.26
1038,A,0,0.0,9.75
1039,B,0,0.0,1.9
1040,A,0,0.0,6.44
1041,A,0,0.0,1.55
1042,A,0,0.0,0.33
1043,B,1,9.19,4.7
1044,B,1,13.42,1.62
1045,A,0,0.0,10.56
1046,A,0,0.0,5.44
1047,A,0,0.0,0.37
1048,A,0,0.0,3.31
1049,B,0,0.0,1.95
1050,B,0,0.0,5.7
1051,B,0,0.0,2.69
1052,A,0,0.0,7.59
1053,A,1,3.1,5.24
1054,A,1,8.57,13.32
1055,B,0,0.0,4.68
1056,A,0,0.0,1.96
1057,A,0,0.0,3.13
1058,B,0,0.0,1.66
1059,A,0,0.0,1.2
1060,A,0,0.0,3.84
1061,A,1,10.81,4.86
1062,A,0,0.0,2.52
1063,A,1,10.78,3.41
1064,B,0,0.0,1.34
1065,A,0,0.0,1.86
1066,B,0,0.0,2.19
1067,B,0,0.0,0.46
1068,A,0,0.0,1.98
1069,B,0,0.0,1.15
1070,B,0,0.0,2.28
1071,A,0,0.0,0.33
1072,A,0,0.0,4.3
1073,A,1,11.82,7.43
1074,A,1,9.84,2.8
1075,A,0,0.0,4.41
1076,B,0,0.0,3.32
1077,B,0,0.0,5.37
1078,A,0,0.0,3.22
1079,A,0,0.0,0.68
1080,B,0,0.0,9.75
1081,B,0,0.0,0.63
1082,A,0,0.0,4.79
1083,B,0,0.0,5.59
1084,B,0,0.0,0.88
1085,B,0,0.0,2.14
1086,B,0,0.0,2.37
1087,B,0,0.0,3.37
1088,A,0,0.0,5.48
1089,B,0,0.0,0.89
1090,A,0,0.0,2.63
1091,A,0,0.0,5.87
1092,A,0,0.0,6.23
1093,A,0,0.0,6.51
1094,B,0,0.0,5.57
1095,A,0,0.0,2.56
1096,A,0,0.0,1.2
1097,A,0,0.0,6.8
1098,A,0,0.0,2.78
1099,A,0,0.0,5.34
1100,A,0,0.0,1.27
1101,A,1,12.45,0.58
1102,A,1,9.53,4.21
1103,B,0,0.0,8.89
1104,A,0,0.0,1.98
1105,A,0,0.0,0.9
1106,B,0,0.0,4.47
1107,A,0,0.0,4.19
1108,A,0,0.0,2.0
1109,A,0,0.0,0.74
1110,B,0,0.0,8.57
1111,A,0,0.0,2.18
1112,B,1,15.45,8.11
1113,B,1,11.26,0.72
1114,A,0,0.0,3.85
1115,A,0,0.0,1.53
1116,A,0,0.0,2.51
1117,A,1,6.24,4.43
1118,A,0,0.0,2.44
1119,A,0,0.0,5.26
1120,B,0,0.0,3.8
1121,A,0,0.0,1.66
1122,B,0,0.0,0.89
1123,A,0,0.0,1.32
1124,A,0,0.0,5.69
1125,A,0,0.0,1.13
1126,A,1,7.75,0.33
1127,A,0,0.0,5.44
1128,A,0,0.0,6.37
1129,A,0,0.0,0.96
1130,B,0,0.0,4.88
1131,B,0,0.0,1.75
1132,B,0,0.0,1.08
1133,A,1,10.05,4.51
1134,A,1,6.36,1.18
1135,B,1,13.29,4.82
1136,A,0,0.0,2.81
1137,A,0,0.0,0.97
1138,B,0,0.0,6.07
1139,A,0,0.0,1.63
1140,A,0,0.0,2.33
1141,B,0,0.0,4.72
1142,B,0,0.0,6.94
1143,A,0,0.0,1.97
1144,B,0,0.0,3.07
1145,B,0,0.0,1.33
1146,A,0,0.0,0.64
1147,B,0,0.0,4.0
1148,B,1,11.18,4.79
1149,B,0,0.0,7.36
1150,A,0,0.0,2.68
1151,A,0,0.0,10.74
1152,A,0,0.0,1.4
1153,B,0,0.0,1.75
1154,B,0,0.0,3.8
1155,B,0,0.0,0.46
1156,A,1,17.68,4.47
1157,B,0,0.0,2.87
1158,B,0,0.0,3.36
1159,A,0,0.0,0.71
1160,A,0,0.0,2.38
1161,B,0,0.0,4.4
1162,A,0,0.0,4.9
1163,B,0,0.0,3.38
1164,A,0,0.0,5.27
1165,A,0,0.0,12.04
1166,A,0,0.0,2.77
1167,A,0,0.0,0.99
1168,A,0,0.0,12.16
1169,A,0,0.0,1.48
1170,B,0,0.0,7.29
1171,B,0,0.0,4.32
1172,B,1,6.97,1.5
1173,B,0,0.0,5.5
1174,B,0,0.0,10.6
1175,B,0,0.0,0.17
1176,A,0,0.0,4.02
1177,B,0,0.0,3.43
1178,B,0,0.0,8.74
1179,B,0,0.0,5.43
1180,B,1,9.28,1.06
1181,B,0,0.0,0.14
1182,A,0,0.0,4.5
1183,B,0,0.0,5.58
1184,A,0,0.0,2.24
1185,B,0,0.0,2.74
1186,B,0,0.0,1.21
1187,B,0,0.0,5.23
1188,B,0,0.0,3.28
1189,A,0,0.0,5.36
1190,A,0,0.0,2.48
1191,B,1,15.4,1.56
1192,A,0,0.0,1.86
1193,A,0,0.0,10.4
1194,A,0,0.0,7.42
1195,B,0,0.0,6.44
1196,A,1,9.59,7.49
1197,B,0,0.0,2.75
1198,B,0,0.0,3.17
1199,A,0,0.0,0.86
1200,B,0,0.0,5.22
1201,B,0,0.0,7.18
1202,B,0,0.0,2.36
1203,B,1,12.34,10.18
1204,A,0,0.0,1.38
1205,A,0,0.0,2.92
1206,B,0,0.0,3.63
1207,A,0,0.0,6.93
1208,A,1,18.2,7.57
1209,A,0,0.0,1.67
1210,B,0,0.0,6.14
1211,A,1,15.43,17.99
1212,A,0,0.0,2.04
1213,A,0,0.0,5.66
1214,B,0,0.0,2.77
1215,A,0,0.0,5.99
1216,B,0,0.0,2.61
1217,B,0,0.0,6.02
1218,A,0,0.0,1.7
1219,A,0,0.0,3.82
1220,A,0,0.0,5.2
1221,B,0,0.0,3.39
1222,B,1,19.18,1.99
1223,B,0,0.0,9.23
1224,A,0,0.0,2.43
1225,B,0,0.0,6.85
1226,A,0,0.0,2.7
1227,A,0,0.0,4.59
1228,A,0,0.0,4.17
1229,A,0,0.0,2.53
1230,A,1,14.58,3.4
1231,B,0,0.0,1.02
1232,B,0,0.0,2.75
1233,A,0,0.0,3.0
1234,A,0,0.0,3.39
1235,A,1,7.4,1.66
1236,A,0,0.0,1.85
1237,B,0,0.0,0.43
1238,A,0,0.0,6.61
1239,B,0,0.0,1.88
1240,B,0,0.0,1.3
1241,A,0,0.0,0.26
1242,A,0,0.0,1.92
1243,A,0,0.0,6.14
1244,B,0,0.0,9.45
1245,B,0,0.0,0.34
1246,B,0,0.0,9.09
1247,A,0,0.0,1.93
1248,B,1,9.23,1.23
1249,B,0,0.0,3.12
1250,A,0,0.0,2.85
1251,A,0,0.0,6.02
1252,A,0,0.0,2.76
1253,B,0,0.0,2.7
1254,B,0,0.0,3.32
1255,A,0,0.0,4.82
1256,B,0,0.0,7.62
1257,B,0,0.0,3.5
1258,A,0,0.0,5.01
1259,A,0,0.0,6.22
1260,B,0,0.0,5.19
1261,B,0,0.0,3.6
1262,A,0,0.0,1.68
1263,B,0,0.0,2.14
1264,B,0,0.0,1.8
1265,A,0,0.0,9.04
1266,A,0,0.0,0.67
1267,A,0,0.0,6.83
1268,B,0,0.0,7.12
1269,B,0,0.0,4.57
1270,B,1,8.93,2.19
1271,B,0,0.0,3.52
1272,B,0,0.0,4.57
1273,A,0,0.0,3.53
1274,B,0,0.0,0.66
1275,B,0,0.0,1.69
1276,A,0,0.0,2.7
1277,A,0,0.0,1.57
1278,B,0,0.0,4.14
1279,B,0,0.0,3.4
1280,B,0,0.0,10.02
1281,A,1,9.31,2.45
1282,B,0,0.0,2.88
1283,B,0,0.0,9.22
1284,B,0,0.0,6.05
1285,B,0,0.0,1.42
1286,A,0,0.0,5.51
1287,B,0,0.0,1.59
1288,A,0,0.0,4.57
1289,A,0,0.0,13.5
1290,A,0,0.0,2.79
1291,B,0,0.0,6.35
1292,A,0,0.0,5.14
1293,B,0,0.0,8.85
1294,A,0,0.0,2.27
1295,A,0,0.0,3.64
1296,A,0,0.0,5.39
1297,A,0,0.0,2.68
1298,A,1,4.69,2.18
1299,B,0,0.0,4.24
1300,B,0,0.0,5.85
1301,B,0,0.0,5.1
1302,A,0,0.0,1.75
1303,A,0,0.0,4.08
1304,B,0,0.0,3.73
1305,B,1,15.33,8.06
1306,A,0,0.0,1.95
1307,A,0,0.0,2.62
1308,B,0,0.0,9.5
1309,A,0,0.0,2.73
1310,A,0,0.0,1.59
1311,B,0,0.0,2.44
1312,A,1,11.54,2.35
1313,A,0,0.0,2.31
1314,A,0,0.0,8.92
1315,A,0,0.0,1.95
1316,B,0,0.0,0.89
1317,A,1,14.16,7.82
1318,B,0,0.0,3.96
1319,A,0,0.0,4.89
1320,B,0,0.0,3.98
1321,A,0,0.0,4.77
1322,B,0,0.0,5.32
1323,A,0,0.0,4.11
1324,A,0,0.0,0.84
1325,A,0,0.0,3.56
1326,B,0,0.0,1.54
1327,A,0,0.0,4.23
1328,B,0,0.0,3.6
1329,A,0,0.0,8.32
1330,A,0,0.0,1.64
1331,A,0,0.0,1.52
1332,A,0,0.0,1.45
1333,B,0,0.0,5.01
1334,B,1,11.92,1.37
1335,B,0,0.0,1.45
1336,B,0,0.0,5.47
1337,A,0,0.0,1.2
1338,A,0,0.0,0.78
1339,B,0,0.0,1.44
1340,B,1,12.75,3.63
1341,B,0,0.0,0.98
1342,B,0,0.0,3.39
1343,A,0,0.0,1.86
1344,A,0,0.0,6.08
1345,A,0,0.0,2.85
1346,B,0,0.0,10.22
1347,B,0,0.0,3.06
1348,B,0,0.0,1.68
1349,A,0,0.0,3.48
1350,B,0,0.0,2.79
1351,B,0,0.0,2.14
1352,A,1,10.73,13.43
1353,A,0,0.0,7.66
1354,B,0,0.0,6.67
1355,B,0,0.0,6.74
1356,A,0,0.0,1.5
1357,B,0,0.0,2.15
1358,B,0,0.0,1.18
1359,B,0,0.0,6.88
1360,A,0,0.0,10.2
1361,A,0,0.0,2.45
1362,A,1,7.04,3.16
1363,B,0,0.0,2.45
1364,A,0,0.0,4.31
1365,A,0,0.0,3.72
1366,B,0,0.0,4.19
1367,B,0,0.0,4.78
1368,B,0,0.0,3.72
1369,A,1,7.74,2.79
1370,A,0,0.0,7.75
1371,A,0,0.0,4.54
1372,A,1,9.84,1.78
1373,B,0,0.0,8.36
1374,A,0,0.0,3.19
1375,A,0,0.0,6.17
1376,B,0,0.0,3.2
1377,A,0,0.0,9.86
1378,B,0,0.0,9.87
1379,B,0,0.0,3.47
1380,B,1,13.57,3.02
1381,A,0,0.0,2.69
1382,A,0,0.0,4.84
1383,A,0,0.0,5.02
1384,B,0,0.0,0.51
1385,A,1,13.43,1.54
1386,A,0,0.0,8.25
1387,A,0,0.0,3.85
1388,A,0,0.0,0.45
1389,A,0,0.0,3.42
1390,A,0,0.0,1.8
1391,B,0,0.0,2.42
1392,A,0,0.0,1.46
1393,B,0,0.0,2.44
1394,B,0,0.0,1.29
1395,B,1,8.23,2.23
1396,B,0,0.0,1.64
1397,B,0,0.0,6.04
1398,B,0,0.0,2.53
1399,A,0,0.0,3.92
1400,B,0,0.0,1.98
1401,B,0,0.0,5.58
1402,B,0,0.0,3.85
1403,B,0,0.0,2.26
1404,B,1,13.49,6.76
1405,B,0,0.0,2.86
1406,A,0,0.0,13.83
1407,B,0,0.0,3.94
1408,B,0,0.0,3.74
1409,B,0,0.0,3.8
1410,A,0,0.0,7.86
1411,A,0,0.0,3.87
1412,A,0,0.0,2.4
1413,B,0,0.0,1.18
1414,B,0,0.0,9.94
1415,A,0,0.0,7.83
1416,A,0,0.0,9.0
1417,A,0,0.0,3.2
1418,B,0,0.0,1.26
1419,B,0,0.0,4.11
1420,B,0,0.0,1.54
1421,B,0,0.0,2.27
1422,B,0,0.0,7.6
1423,A,1,14.97,2.19
1424,B,0,0.0,1.12
1425,B,0,0.0,3.57
1426,B,0,0.0,0.63
1427,B,0,0.0,4.86
1428,A,0,0.0,1.47
1429,A,0,0.0,8.02
1430,A,0,0.0,0.92
1431,A,0,0.0,1.11
1432,B,0,0.0,2.3
1433,A,0,0.0,1.06
1434,B,0,0.0,2.95
1435,B,0,0.0,4.78
1436,A,0,0.0,2.74
1437,B,0,0.0,4.6
1438,A,0,0.0,3.74
1439,B,0,0.0,3.21
1440,A,1,9.1,1.48
1441,A,0,0.0,2.62
1442,B,0,0.0,6.36
1443,B,0,0.0,6.12
1444,B,0,0.0,4.99
1445,B,1,20.14,1.65
1446,B,0,0.0,7.54
1447,A,0,0.0,1.8
1448,A,0,0.0,3.37
1449,A,0,0.0,9.72
1450,B,0,0.0,0.49
1451,A,0,0.0,3.36
1452,B,0,0.0,5.68
1453,B,0,0.0,2.53
1454,A,0,0.0,0.54
1455,B,0,0.0,6.06
1456,B,0,0.0,7.41
1457,A,0,0.0,8.97
1458,B,0,0.0,1.28
1459,A,0,0.0,0.73
1460,B,0,0.0,4.07
1461,A,0,0.0,11.35
1462,A,0,0.0,2.76
1463,A,0,0.0,6.59
1464,A,0,0.0,2.02
1465,B,0,0.0,5.0
1466,B,0,0.0,5.64
1467,A,0,0.0,2.42
1468,B,0,0.0,10.19
1469,A,0,0.0,3.0
1470,A,0,0.0,10.62
1471,A,0,0.0,1.91
1472,B,0,0.0,1.09
1473,B,0,0.0,0.51
1474,B,0,0.0,6.9
1475,B,0,0.0,3.93
1476,A,0,0.0,2.41
1477,A,0,0.0,1.81
1478,B,0,0.0,2.22
1479,A,0,0.0,7.93
1480,B,0,0.0,4.98
1481,A,0,0.0,0.25
1482,B,0,0.0,0.93
1483,B,0,0.0,0.72
1484,B,0,0.0,4.19
1485,B,0,0.0,3.62
1486,B,0,0.0,6.19
1487,A,0,0.0,2.27
1488,A,0,0.0,2.45
1489,B,0,0.0,1.95
1490,A,0,0.0,5.47
1491,A,0,0.0,1.14
1492,B,1,11.39,2.03
1493,B,0,0.0,0.42
1494,A,0,0.0,5.65
1495,A,0,0.0,0.89
1496,A,0,0.0,2.13
1497,B,0,0.0,3.12
1498,B,0,0.0,2.34
1499,A,0,0.0,0.22
1500,A,0,0.0,4.77
1501,A,0,0.0,5.62
1502,B,0,0.0,3.58
1503,B,0,0.0,2.32
1504,A,0,0.0,3.07
1505,B,0,0.0,12.56
1506,A,0,0.0,1.63
1507,A,0,0.0,1.4
1508,A,0,0.0,5.93
1509,A,0,0.0,10.41
1510,A,0,0.0,6.89
1511,A,0,0.0,3.33
1512,B,0,0.0,10.41
1513,A,0,0.0,2.13
1514,B,0,0.0,5.05
1515,A,0,0.0,0.54
1516,B,0,0.0,6.08
1517,A,0,0.0,3.23
1518,B,0,0.0,8.02
1519,A,0,0.0,0.11
1520,A,0,0.0,4.43
1521,A,0,0.0,3.17
1522,A,0,0.0,2.81
1523,B,0,0.0,4.0
1524,B,0,0.0,2.6
1525,A,0,0.0,5.76
1526,A,0,0.0,1.09
1527,A,1,16.85,4.71
1528,A,0,0.0,7.27
1529,A,0,0.0,1.37
1530,B,0,0.0,11.53
1531,B,0,0.0,3.19
1532,B,0,0.0,1.88
1533,A,0,0.0,4.98
1534,A,1,13.57,4.84
1535,A,0,0.0,4.25
1536,A,0,0.0,0.61
1537,B,0,0.0,5.98
1538,B,0,0.0,5.91
1539,A,0,0.0,1.69
1540,A,0,0.0,10.26
1541,B,0,0.0,3.07
1542,B,0,0.0,4.36
1543,B,0,0.0,0.78
1544,A,0,0.0,4.77
1545,A,1,6.31,1.19
1546,A,0,0.0,0.77
1547,B,0,0.0,3.69
1548,A,0,0.0,8.15
1549,A,0,0.0,1.92
1550,A,0,0.0,1.35
1551,A,0,0.0,7.41
1552,B,1,6.73,6.65
1553,A,0,0.0,3.29
1554,A,0,0.0,4.26
1555,B,0,0.0,1.41
1556,B,0,0.0,1.06
1557,B,0,0.0,0.94
1558,B,0,0.0,2.58
1559,A,0,0.0,5.83
1560,A,0,0.0,2.61
1561,B,0,0.0,3.42
1562,B,1,15.91,5.48
1563,A,0,0.0,0.34
1564,B,0,0.0,6.44
1565,A,0,0.0,4.29
1566,A,0,0.0,1.36
1567,B,1,10.98,2.79
1568,A,1,17.68,0.81
1569,B,0,0.0,5.05
1570,A,0,0.0,3.39
1571,A,1,7.2,2.83
1572,A,0,0.0,1.06
1573,B,0,0.0,4.51
1574,B,0,0.0,4.76
1575,A,0,0.0,5.22
1576,B,0,0.0,0.76
1577,A,0,0.0,2.56
1578,B,0,0.0,2.3
1579,A,1,9.76,6.08
1580,A,1,10.47,5.7
1581,B,0,0.0,4.65
1582,B,0,0.0,6.15
1583,A,0,0.0,3.5
1584,A,0,0.0,14.2
1585,B,1,12.42,2.76
1586,A,0,0.0,3.25
1587,B,0,0.0,1.18
1588,B,0,0.0,4.16
1589,A,0,0.0,4.05
1590,A,0,0.0,7.28
1591,B,0,0.0,4.38
1592,B,0,0.0,1.13
1593,A,1,7.84,3.44
1594,B,0,0.0,3.53
1595,B,1,12.64,5.29
1596,A,0,0.0,3.6
1597,B,0,0.0,2.27
1598,B,0,0.0,3.66
1599,B,0,0.0,3.77
1600,B,0,0.0,1.39
1601,B,1,14.87,1.72
1602,B,0,0.0,3.62
1603,A,0,0.0,6.75
1604,B,0,0.0,3.82
1605,B,0,0.0,3.28
1606,A,0,0.0,4.69
1607,A,0,0.0,3.5
1608,B,0,0.0,0.78
1609,B,0,0.0,2.21
1610,B,0,0.0,7.42
1611,B,0,0.0,3.68
1612,A,0,0.0,1.3
1613,B,1,12.2,3.75
1614,A,0,0.0,3.05
1615,A,0,0.0,12.56
1616,A,0,0.0,1.57
1617,A,0,0.0,5.18
1618,A,0,0.0,7.46
1619,B,0,0.0,5.28
1620,A,0,0.0,1.32
1621,B,0,0.0,3.77
1622,B,0,0.0,1.73
1623,A,0,0.0,2.47
1624,A,0,0.0,5.33
1625,B,0,0.0,0.74
1626,B,0,0.0,6.39
1627,A,0,0.0,9.49
1628,B,0,0.0,5.77
1629,A,0,0.0,2.64
1630,A,1,12.2,10.12
1631,B,0,0.0,4.43
1632,A,0,0.0,0.63
1633,A,0,0.0,1.54
1634,A,0,0.0,4.25
1635,A,0,0.0,3.75
1636,A,0,0.0,4.97
1637,A,0,0.0,4.75
1638,A,0,0.0,1.79
1639,A,0,0.0,2.44
1640,B,0,0.0,4.32
1641,A,0,0.0,11.0
1642,A,0,0.0,6.73
1643,A,0,0.0,8.11
1644,B,0,0.0,5.46
1645,B,0,0.0,3.01
1646,A,0,0.0,2.19
1647,B,0,0.0,1.05
1648,A,0,0.0,3.28
1649,B,1,7.04,4.29
1650,A,1,9.87,2.03
1651,B,0,0.0,0.67
1652,B,0,0.0,0.41
1653,A,0,0.0,0.49
1654,B,0,0.0,8.79
1655,A,0,0.0,9.56
1656,B,0,0.0,6.42
1657,A,0,0.0,5.21
1658,A,0,0.0,4.88
1659,A,0,0.0,0.98
1660,B,0,0.0,13.6
1661,B,0,0.0,3.29
1662,B,0,0.0,3.72
1663,A,0,0.0,2.4
1664,A,0,0.0,0.87
1665,A,0,0.0,4.18
1666,A,0,0.0,6.91
1667,B,0,0.0,4.8
1668,B,0,0.0,0.97
1669,A,0,0.0,9.64
1670,A,0,0.0,7.26
1671,A,1,10.07,0.91
1672,B,0,0.0,2.45
1673,B,0,0.0,11.6
1674,A,1,8.9,2.54
1675,B,0,0.0,2.56
1676,A,0,0.0,3.64
1677,A,1,8.72,4.51
1678,A,0,0.0,3.11
1679,B,0,0.0,6.39
1680,B,0,0.0,2.73
1681,A,0,0.0,2.09
1682,B,0,0.0,0.56
1683,A,0,0.0,4.12
1684,B,0,0.0,12.4
1685,B,0,0.0,5.07
1686,B,0,0.0,7.57
1687,A,0,0.0,4.31
1688,B,0,0.0,4.2
1689,A,0,0.0,0.35
1690,B,0,0.0,2.15
1691,B,0,0.0,2.69
1692,B,0,0.0,5.72
1693,B,0,0.0,2.86
1694,B,0,0.0,0.64
1695,A,0,0.0,0.5
1696,A,0,0.0,2.66
1697,B,0,0.0,3.57
1698,A,0,0.0,12.67
1699,A,0,0.0,1.11
1700,B,0,0.0,1.97
1701,B,0,0.0,2.07
1702,A,0,0.0,9.84
1703,A,0,0.0,2.61
1704,B,0,0.0,2.88
1705,A,0,0.0,4.84
1706,B,0,0.0,7.03
1707,A,0,0.0,3.5
1708,A,0,0.0,5.22
1709,B,0,0.0,0.54
1710,B,0,0.0,7.02
1711,A,0,0.0,5.7
1712,A,0,0.0,15.22
1713,B,0,0.0,3.23
1714,A,0,0.0,8.19
1715,B,0,0.0,6.34
1716,A,0,0.0,3.26
1717,B,0,0.0,0.48
1718,B,0,0.0,6.45
1719,A,0,0.0,3.4
1720,B,0,0.0,9.46
1721,B,0,0.0,3.55
1722,B,0,0.0,0.8
1723,B,0,0.0,3.64
1724,A,0,0.0,3.65
1725,B,0,0.0,4.73
1726,A,0,0.0,5.49
1727,A,0,0.0,3.37
1728,B,0,0.0,0.6
1729,A,0,0.0,1.04
1730,B,0,0.0,3.49
1731,A,0,0.0,3.55
1732,A,0,0.0,7.15
1733,A,0,0.0,3.78
1734,B,0,0.0,6.85
1735,B,0,0.0,4.11
1736,A,0,0.0,2.5
1737,A,0,0.0,10.74
1738,B,0,0.0,3.23
1739,A,0,0.0,3.18
1740,B,0,0.0,3.91
1741,A,0,0.0,6.69
1742,B,0,0.0,2.78
1743,A,0,0.0,4.07
1744,B,0,0.0,2.04
1745,A,0,0.0,4.72
1746,A,0,0.0,0.29
1747,B,0,0.0,1.95
1748,B,0,0.0,2.21
1749,A,0,0.0,2.93
1750,B,0,0.0,2.4
1751,A,0,0.0,6.7
1752,B,0,0.0,5.69
1753,B,0,0.0,1.44
1754,B,0,0.0,4.06
1755,A,1,15.83,8.81
1756,B,0,0.0,2.08
1757,A,0,0.0,2.65
1758,A,0,0.0,5.02
1759,B,0,0.0,0.92
1760,B,0,0.0,3.2
1761,B,0,0.0,8.04
1762,A,0,0.0,10.58
1763,B,0,0.0,1.54
1764,B,0,0.0,7.69
1765,A,1,5.91,1.18
1766,B,0,0.0,11.94
1767,A,0,0.0,5.2
1768,A,0,0.0,3.2
1769,A,0,0.0,2.72
1770,B,0,0.0,5.36
1771,A,0,0.0,9.54
1772,B,0,0.0,5.6
1773,A,0,0.0,7.79
1774,A,0,0.0,7.17
1775,A,0,0.0,6.82
1776,B,0,0.0,12.98
1777,B,0,0.0,7.78
1778,A,0,0.0,4.02
1779,A,0,0.0,4.86
1780,A,0,0.0,0.98
1781,A,0,0.0,0.78
1782,B,0,0.0,2.84
1783,B,0,0.0,3.73
1784,A,0,0.0,2.83
1785,A,1,12.92,3.2
1786,B,0,0.0,7.53
1787,A,0,0.0,4.61
1788,A,0,0.0,0.67
1789,A,0,0.0,6.3
1790,B,0,0.0,6.17
1791,B,0,0.0,3.79
1792,B,0,0.0,4.43
1793,B,0,0.0,2.41
1794,A,0,0.0,5.16
1795,B,0,0.0,2.48
1796,B,0,0.0,3.43
1797,B,0,0.0,6.85
1798,A,0,0.0,4.0
1799,A,0,0.0,3.84
1800,B,0,0.0,9.53
1801,A,0,0.0,3.09
1802,A,0,0.0,7.52
1803,B,0,0.0,4.55
1804,B,0,0.0,2.47
1805,B,0,0.0,2.66
1806,B,0,0.0,5.59
1807,B,0,0.0,10.8
1808,B,0,0.0,1.78
1809,B,0,0.0,1.34
1810,B,0,0.0,9.24
1811,B,0,0.0,6.65
1812,A,0,0.0,4.43
1813,A,0,0.0,0.95
1814,A,0,0.0,7.72
1815,B,0,0.0,0.91
1816,A,0,0.0,6.83
1817,A,0,0.0,3.11
1818,A,0,0.0,3.86
1819,A,0,0.0,2.74
1820,A,0,0.0,1.83
1821,B,0,0.0,2.7
1822,B,0,0.0,5.57
1823,B,0,0.0,0.44
1824,B,0,0.0,1.01
1825,B,0,0.0,6.09
1826,A,0,0.0,4.57
1827,A,0,0.0,11.66
1828,B,1,1.61,1.22
1829,A,0,0.0,1.61
1830,B,0,0.0,3.51
1831,A,0,0.0,3.98
1832,A,0,0.0,4.45
1833,B,0,0.0,4.35
1834,A,0,0.0,6.05
1835,B,0,0.0,0.59
1836,B,0,0.0,4.31
1837,A,0,0.0,2.38
1838,B,0,0.0,2.2
1839,B,0,0.0,10.57
1840,B,0,0.0,2.85
1841,A,0,0.0,8.22
1842,B,0,0.0,16.6
1843,A,0,0.0,2.83
1844,A,0,0.0,3.7
1845,B,0,0.0,3.46
1846,A,1,10.07,4.08
1847,A,0,0.0,9.41
1848,B,0,0.0,6.73
1849,A,0,0.0,4.08
1850,B,0,0.0,3.82
1851,A,0,0.0,1.78
1852,A,0,0.0,4.77
1853,B,0,0.0,1.2
1854,B,0,0.0,1.93
1855,B,0,0.0,3.95
1856,B,0,0.0,1.99
1857,B,0,0.0,0.95
1858,B,0,0.0,3.3
1859,B,0,0.0,1.5
1860,B,0,0.0,5.37
1861,A,0,0.0,4.2
1862,B,0,0.0,1.09
1863,A,1,15.16,4.77
1864,B,1,8.97,5.86
1865,B,0,0.0,4.16
1866,A,0,0.0,3.08
1867,B,0,0.0,2.56
1868,A,0,0.0,11.7
1869,A,0,0.0,4.09
1870,A,0,0.0,3.78
1871,A,0,0.0,2.9
1872,A,0,0.0,1.27
1873,B,0,0.0,2.41
1874,B,0,0.0,5.45
1875,B,0,0.0,4.62
1876,B,0,0.0,4.57
1877,A,0,0.0,4.0
1878,B,0,0.0,1.71
1879,B,1,8.59,3.8
1880,A,0,0.0,6.95
1881,B,1,24.39,3.55
1882,B,0,0.0,0.26
1883,A,0,0.0,1.88
1884,B,0,0.0,0.52
1885,B,0,0.0,1.65
1886,A,0,0.0,13.53
1887,B,0,0.0,2.55
1888,A,0,0.0,1.71
1889,A,0,0.0,0.72
1890,B,0,0.0,2.95
1891,A,0,0.0,8.34
1892,A,0,0.0,1.74
1893,A,0,0.0,4.92
1894,B,0,0.0,4.22
1895,B,1,8.65,2.2
1896,B,0,0.0,5.94
1897,B,0,0.0,2.56
1898,B,0,0.0,1.88
1899,B,0,0.0,2.03
1900,B,0,0.0,4.3
1901,B,0,0.0,11.74
1902,A,0,0.0,6.89
1903,A,0,0.0,1.96
1904,A,0,0.0,3.7
1905,B,0,0.0,1.73
1906,A,0,0.0,1.6
1907,A,0,0.0,0.53
1908,A,0,0.0,4.64
1909,B,0,0.0,2.22
1910,B,0,0.0,3.03
1911,A,0,0.0,4.65
1912,A,0,0.0,0.93
1913,A,0,0.0,1.21
1914,A,0,0.0,4.95
1915,B,0,0.0,1.38
1916,A,0,0.0,1.48
1917,B,1,10.37,6.74
1918,A,0,0.0,3.35
1919,A,0,0.0,8.1
1920,A,0,0.0,10.55
1921,A,0,0.0,8.97
1922,A,0,0.0,0.89
1923,B,0,0.0,4.1
1924,A,0,0.0,6.65
1925,A,0,0.0,4.59
1926,B,0,0.0,2.56
1927,A,0,0.0,1.35
1928,B,0,0.0,5.64
1929,A,0,0.0,0.88
1930,B,0,0.0,0.67
1931,B,0,0.0,1.57
1932,B,0,0.0,3.51
1933,A,0,0.0,8.3
1934,B,0,0.0,2.74
1935,B,0,0.0,6.58
1936,B,0,0.0,1.48
1937,A,0,0.0,2.36
1938,B,0,0.0,2.52
1939,B,0,0.0,1.91
1940,B,0,0.0,7.46
1941,A,1,5.64,0.84
1942,B,0,0.0,7.35
1943,B,1,14.42,4.22
1944,A,0,0.0,5.56
1945,B,0,0.0,1.75
1946,B,1,8.62,5.43
1947,A,0,0.0,0.58
1948,B,0,0.0,3.07
1949,A,0,0.0,4.33
1950,B,0,0.0,1.83
1951,B,0,0.0,0.89
1952,B,0,0.0,1.57
1953,A,0,0.0,2.57
1954,B,1,14.94,2.32
1955,B,1,7.6,0.37
1956,B,0,0.0,5.35
1957,A,1,5.52,0.98
1958,B,0,0.0,4.11
1959,B,0,0.0,1.78
1960,B,0,0.0,0.63
1961,A,0,0.0,6.01
1962,B,0,0.0,2.79
1963,B,0,0.0,4.46
1964,A,0,0.0,4.57
1965,B,0,0.0,4.17
1966,B,0,0.0,1.72
1967,A,0,0.0,4.64
1968,A,0,0.0,6.27
1969,B,0,0.0,1.84
1970,B,0,0.0,1.25
1971,B,0,0.0,1.99
1972,A,0,0.0,6.87
1973,A,0,0.0,3.08
1974,B,0,0.0,8.55
1975,A,0,0.0,2.36
1976,B,0,0.0,3.38
1977,A,0,0.0,8.79
1978,B,0,0.0,9.78
1979,A,0,0.0,5.57
1980,A,0,0.0,1.19
1981,B,0,0.0,3.4
1982,A,0,0.0,3.19
1983,A,0,0.0,1.3
1984,B,0,0.0,7.67
1985,B,0,0.0,4.5
1986,A,0,0.0,1.55
1987,B,1,13.89,1.15
1988,A,1,7.0,3.93
1989,B,1,11.09,0.6
1990,A,0,0.0,6.43
1991,B,0,0.0,2.28
1992,B,0,0.0,1.02
1993,B,1,15.21,4.98
1994,B,0,0.0,1.56
1995,A,0,0.0,2.99
1996,A,0,0.0,3.78
1997,B,0,0.0,1.42
1998,A,0,0.0,4.5
1999,A,1,11.57,7.97
2000,B,0,0.0,6.84
2001,B,1,8.58,3.16
2002,A,0,0.0,5.81
2003,B,0,0.0,1.25
2004,A,0,0.0,2.91
2005,B,0,0.0,7.07
2006,A,0,0.0,1.3
2007,B,0,0.0,3.86
2008,B,0,0.0,5.94
2009,A,0,0.0,3.68
2010,A,0,0.0,10.25
2011,B,0,0.0,2.43
2012,B,0,0.0,2.15
2013,A,0,0.0,0.86
2014,B,0,0.0,3.99
2015,A,0,0.0,3.69
2016,A,0,0.0,1.65
2017,A,0,0.0,4.47
2018,A,0,0.0,9.33
2019,B,0,0.0,2.18
2020,B,0,0.0,8.1
2021,B,0,0.0,5.61
2022,B,0,0.0,2.92
2023,A,0,0.0,0.3
2024,B,0,0.0,3.01
2025,A,0,0.0,1.69
2026,A,0,0.0,4.24
2027,A,0,0.0,2.14
2028,B,0,0.0,2.82
2029,A,0,0.0,1.78
2030,B,0,0.0,2.07
2031,A,0,0.0,4.51
2032,B,0,0.0,0.52
2033,B,0,0.0,7.32
2034,A,0,0.0,5.12
2035,A,0,0.0,0.46
2036,A,0,0.0,4.14
2037,A,0,0.0,2.42
2038,B,0,0.0,1.99
2039,A,0,0.0,2.78
2040,B,0,0.0,2.92
2041,B,0,0.0,1.58
2042,A,0,0.0,2.19
2043,A,0,0.0,6.88
2044,B,0,0.0,0.72
2045,A,0,0.0,6.16
2046,B,0,0.0,1.63
2047,A,0,0.0,4.72
2048,B,0,0.0,0.9
2049,B,0,0.0,1.61
2050,B,0,0.0,2.68
2051,A,0,0.0,0.32
2052,A,0,0.0,0.93
2053,B,0,0.0,8.99
2054,A,0,0.0,5.78
2055,A,0,0.0,6.35
2056,B,0,0.0,5.08
2057,B,0,0.0,2.01
2058,A,0,0.0,10.11
2059,A,0,0.0,12.91
2060,B,0,0.0,1.14
2061,B,0,0.0,3.22
2062,A,0,0.0,2.95
2063,B,0,0.0,3.12
2064,B,0,0.0,6.28
2065,B,0,0.0,3.3
2066,B,0,0.0,3.62
2067,A,0,0.0,3.31
2068,B,0,0.0,0.97
2069,A,0,0.0,10.0
2070,A,0,0.0,0.85
2071,B,1,14.72,2.53
2072,A,0,0.0,2.77
2073,A,0,0.0,4.37
2074,B,0,0.0,5.14
2075,A,0,0.0,0.4
2076,A,0,0.0,3.78
2077,B,1,15.05,1.32
2078,B,0,0.0,4.64
2079,A,0,0.0,3.98
2080,B,0,0.0,0.23
2081,A,0,0.0,0.95
2082,A,0,0.0,3.05
2083,A,0,0.0,5.21
2084,B,0,0.0,5.88
2085,A,0,0.0,4.41
2086,B,0,0.0,1.95
2087,A,0,0.0,4.03
2088,B,0,0.0,3.11
2089,B,0,0.0,2.09
2090,A,0,0.0,6.8
2091,A,0,0.0,3.63
2092,B,0,0.0,3.58
2093,A,0,0.0,5.82
2094,B,0,0.0,2.14
2095,B,0,0.0,3.07
2096,B,0,0.0,1.06
2097,B,0,0.0,1.48
2098,A,0,0.0,0.84
2099,B,0,0.0,1.13
2100,A,1,12.27,1.3
2101,A,0,0.0,2.92
2102,A,0,0.0,4.78
2103,B,0,0.0,2.02
2104,A,1,10.12,3.52
2105,B,0,0.0,12.6
2106,A,0,0.0,1.86
2107,A,0,0.0,2.57
2108,B,0,0.0,2.31
2109,B,0,0.0,9.62
2110,A,0,0.0,3.86
2111,A,0,0.0,0.76
2112,B,0,0.0,4.23
2113,B,0,0.0,1.47
2114,B,0,0.0,3.0
2115,A,0,0.0,5.4
2116,B,0,0.0,3.74
2117,B,1,17.3,1.28
2118,A,0,0.0,0.68
2119,B,0,0.0,1.89
2120,B,0,0.0,4.04
2121,B,0,0.0,1.86
2122,B,0,0.0,1.86
2123,A,0,0.0,3.24
2124,B,0,0.0,6.35
2125,B,1,14.62,0.16
2126,B,1,9.79,1.22
2127,B,0,0.0,0.89
2128,B,0,0.0,2.17
2129,A,0,0.0,5.91
2130,B,0,0.0,4.72
2131,A,0,0.0,3.57
2132,B,0,0.0,5.11
2133,B,0,0.0,2.95
2134,B,0,0.0,3.5
2135,A,0,0.0,9.85
2136,B,0,0.0,5.58
2137,B,0,0.0,7.43
2138,B,0,0.0,11.68
2139,B,0,0.0,1.03
2140,B,0,0.0,12.94
2141,B,0,0.0,1.03
2142,A,0,0.0,7.93
2143,B,0,0.0,2.82
2144,B,0,0.0,12.37
2145,A,0,0.0,7.83
2146,A,0,0.0,1.62
2147,A,0,0.0,5.1
2148,B,0,0.0,5.15
2149,A,0,0.0,1.94
2150,B,1,13.57,3.98
2151,B,0,0.0,1.99
2152,B,0,0.0,2.61
2153,A,0,0.0,3.15
2154,B,0,0.0,3.44
2155,B,0,0.0,1.28
2156,B,0,0.0,10.98
2157,A,0,0.0,0.88
2158,B,1,11.31,3.83
2159,B,0,0.0,1.97
2160,B,0,0.0,8.15
2161,B,0,0.0,2.31
2162,A,0,0.0,2.31
2163,A,0,0.0,10.58
2164,A,0,0.0,2.22
2165,B,0,0.0,3.24
2166,A,0,0.0,1.7
2167,B,0,0.0,4.84
2168,A,1,11.69,3.92
2169,A,1,6.13,1.27
2170,B,0,0.0,4.11
2171,A,0,0.0,2.14
2172,A,0,0.0,4.54
2173,A,0,0.0,1.18
2174,A,0,0.0,6.09
2175,B,0,0.0,6.69
2176,B,0,0.0,1.52
2177,A,0,0.0,3.14
2178,B,0,0.0,5.23
2179,A,0,0.0,0.9
2180,B,0,0.0,3.54
2181,A,1,11.86,4.16
2182,B,0,0.0,1.06
2183,B,1,13.11,1.59
2184,A,0,0.0,7.91
2185,B,0,0.0,4.37
2186,B,0,0.0,2.57
2187,B,0,0.0,1.26
2188,B,0,0.0,5.19
2189,A,0,0.0,2.02
2190,B,0,0.0,13.21
2191,B,0,0.0,4.23
2192,A,1,14.85,6.98
2193,A,0,0.0,3.89
2194,B,0,0.0,9.15
2195,A,0,0.0,4.33
2196,A,0,0.0,1.46
2197,B,0,0.0,3.99
2198,A,0,0.0,2.58
2199,A,0,0.0,3.84
2200,A,0,0.0,2.78
2201,B,0,0.0,3.22
2202,B,0,0.0,2.05
2203,B,0,0.0,2.43
2204,A,0,0.0,3.93
2205,A,0,0.0,2.71
2206,A,1,20.42,6.82
2207,B,0,0.0,5.91
2208,B,1,17.71,2.42
2209,A,0,0.0,1.11
2210,A,0,0.0,8.03
2211,B,0,0.0,2.39
2212,B,0,0.0,1.07
2213,A,0,0.0,1.74
2214,A,0,0.0,2.65
2215,A,0,0.0,8.25
2216,A,0,0.0,5.98
2217,B,0,0.0,3.63
2218,B,0,0.0,0.96
2219,A,0,0.0,2.51
2220,A,0,0.0,2.0
2221,A,0,0.0,8.89
2222,B,1,15.62,2.92
2223,B,0,0.0,14.56
2224,A,0,0.0,4.85
2225,A,0,0.0,1.78
2226,B,0,0.0,3.81
2227,B,1,12.57,1.55
2228,B,0,0.0,4.71
2229,B,1,18.21,0.32
2230,A,1,15.06,7.56
2231,B,0,0.0,3.89
2232,B,0,0.0,5.8
2233,A,0,0.0,1.03
2234,B,0,0.0,13.46
2235,B,0,0.0,1.01
2236,A,0,0.0,3.86
2237,B,1,9.79,1.01
2238,A,1,2.84,2.53
2239,A,0,0.0,4.23
2240,A,0,0.0,0.77
2241,B,0,0.0,2.94
2242,B,0,0.0,4.59
2243,A,0,0.0,1.32
2244,A,1,12.67,6.24
2245,B,0,0.0,2.83
2246,A,0,0.0,1.08
2247,B,0,0.0,1.84
2248,B,0,0.0,1.53
2249,B,0,0.0,3.12
2250,B,1,12.64,5.19
2251,B,0,0.0,3.25
2252,A,0,0.0,4.11
2253,B,0,0.0,3.21
2254,A,1,6.41,4.91
2255,A,0,0.0,7.06
2256,A,0,0.0,0.68
2257,B,0,0.0,3.66
2258,B,1,20.22,2.82
2259,A,0,0.0,8.71
2260,A,0,0.0,6.7
2261,A,0,0.0,0.94
2262,B,0,0.0,2.06
2263,A,0,0.0,0.48
2264,B,0,0.0,4.4
2265,B,0,0.0,3.99
2266,A,0,0.0,2.52
2267,B,0,0.0,0.73
2268,A,0,0.0,4.48
2269,B,0,0.0,1.44
2270,B,0,0.0,5.2
2271,A,0,0.0,1.51
2272,A,0,0.0,11.9
2273,A,0,0.0,8.45
2274,A,1,2.51,8.37
2275,A,0,0.0,0.46
2276,B,0,0.0,6.64
2277,B,0,0.0,7.26
2278,A,0,0.0,1.73
2279,B,1,9.29,3.17
2280,A,0,0.0,2.2
2281,B,0,0.0,5.97
2282,B,0,0.0,12.98
2283,B,0,0.0,1.15
2284,A,0,0.0,0.96
2285,B,0,0.0,4.82
2286,B,0,0.0,1.28
2287,A,0,0.0,5.69
2288,B,0,0.0,2.45
2289,A,0,0.0,4.58
2290,A,0,0.0,6.24
2291,A,0,0.0,3.83
2292,A,0,0.0,6.55
2293,B,0,0.0,1.28
2294,B,0,0.0,1.12
2295,B,1,11.3,3.8
2296,B,1,9.47,1.19
2297,A,0,0.0,3.2
2298,A,0,0.0,4.88
2299,A,0,0.0,3.24
2300,A,0,0.0,4.45
2301,A,1,13.11,4.09
2302,B,0,0.0,0.15
2303,B,0,0.0,2.72
2304,A,0,0.0,2.19
2305,B,0,0.0,8.35
2306,A,0,0.0,7.82
2307,B,1,9.82,2.05
2308,B,0,0.0,6.33
2309,A,1,9.61,2.68
2310,A,0,0.0,5.26
2311,A,0,0.0,0.96
2312,A,0,0.0,5.42
2313,B,0,0.0,5.64
2314,B,0,0.0,0.78
2315,B,0,0.0,4.63
2316,A,0,0.0,8.22
2317,B,0,0.0,3.09
2318,B,0,0.0,7.39
2319,A,0,0.0,1.43
2320,B,0,0.0,1.26
2321,B,0,0.0,0.94
2322,A,0,0.0,6.22
2323,A,1,9.67,0.28
2324,A,0,0.0,5.52
2325,B,0,0.0,2.69
2326,B,0,0.0,6.04
2327,A,1,10.96,3.99
2328,A,0,0.0,3.27
2329,A,0,0.0,5.45
2330,A,1,10.54,6.6
2331,B,0,0.0,7.29
2332,B,0,0.0,6.99
2333,A,0,0.0,5.9
2334,A,0,0.0,2.05
2335,B,0,0.0,2.84
2336,A,0,0.0,0.65
2337,B,0,0.0,2.67
2338,B,0,0.0,2.79
2339,B,0,0.0,8.17
2340,B,0,0.0,10.64
2341,A,0,0.0,1.11
2342,A,0,0.0,0.6
2343,B,0,0.0,1.79
2344,A,0,0.0,3.93
2345,A,1,15.95,10.51
2346,A,0,0.0,0.97
2347,B,0,0.0,0.91
2348,B,0,0.0,1.02
2349,B,0,0.0,7.77
2350,A,0,0.0,1.88
2351,A,0,0.0,2.52
2352,A,0,0.0,1.09
2353,A,1,13.49,4.92
2354,A,0,0.0,2.41
2355,B,0,0.0,3.24
2356,B,0,0.0,1.76
2357,A,0,0.0,1.97
2358,A,0,0.0,7.44
2359,A,0,0.0,2.01
2360,A,0,0.0,5.29
2361,A,0,0.0,2.25
2362,B,1,12.63,1.17
2363,A,0,0.0,4.16
2364,B,0,0.0,1.43
2365,A,0,0.0,3.41
2366,A,0,0.0,6.72
2367,B,1,18.03,2.59
2368,B,0,0.0,1.8
2369,B,1,9.22,6.95
2370,B,0,0.0,2.92
2371,B,0,0.0,1.73
2372,A,0,0.0,3.23
2373,A,0,0.0,5.43
2374,B,0,0.0,5.05
2375,A,0,0.0,4.28
2376,B,0,0.0,4.77
2377,A,0,0.0,3.09
2378,B,0,0.0,1.06
2379,B,0,0.0,3.26
2380,B,0,0.0,0.5
2381,A,0,0.0,4.55
2382,B,0,0.0,1.27
2383,B,0,0.0,1.0
2384,A,0,0.0,8.87
2385,B,1,12.56,3.79
2386,A,0,0.0,3.7
2387,A,0,0.0,2.42
2388,B,0,0.0,3.44
2389,A,0,0.0,1.76
2390,B,0,0.0,2.1
2391,B,0,0.0,3.25
2392,B,0,0.0,3.27
2393,A,0,0.0,0.08
2394,A,0,0.0,7.96
2395,B,0,0.0,1.75
2396,A,0,0.0,6.01
2397,A,0,0.0,7.31
2398,A,1,9.14,4.2
2399,A,0,0.0,2.16
2400,B,1,4.56,4.85
2401,A,0,0.0,2.24
2402,A,0,0.0,1.18
2403,B,1,13.39,0.1
2404,A,0,0.0,5.22
2405,A,0,0.0,3.52
2406,B,0,0.0,8.49
2407,B,0,0.0,3.02
2408,A,0,0.0,3.94
2409,B,0,0.0,3.63
2410,B,0,0.0,2.51
2411,B,0,0.0,4.66
2412,A,0,0.0,4.79
2413,A,0,0.0,4.79
2414,B,0,0.0,1.39
2415,A,0,0.0,2.58
2416,A,0,0.0,10.57
2417,A,0,0.0,3.7
2418,B,1,5.84,1.81
2419,B,0,0.0,0.75
2420,A,0,0.0,7.65
2421,B,0,0.0,6.63
2422,B,0,0.0,4.29
2423,A,0,0.0,2.24
2424,A,0,0.0,5.14
2425,B,0,0.0,6.98
2426,B,1,10.97,3.6
2427,B,0,0.0,3.28
2428,B,0,0.0,2.32
2429,B,0,0.0,3.21
2430,A,0,0.0,1.46
2431,B,0,0.0,3.96
2432,B,0,0.0,1.47
2433,B,0,0.0,1.83
2434,B,0,0.0,1.12
2435,B,0,0.0,0.82
2436,B,1,8.51,3.46
2437,A,0,0.0,9.98
2438,B,0,0.0,0.37
2439,A,0,0.0,3.09
2440,A,0,0.0,0.62
2441,B,0,0.0,3.01
2442,B,0,0.0,0.64
2443,A,0,0.0,2.93
2444,B,0,0.0,2.2
2445,A,0,0.0,3.4
2446,B,0,0.0,4.19
2447,B,0,0.0,2.79
2448,A,0,0.0,3.01
2449,B,0,0.0,1.53
2450,A,0,0.0,1.9
2451,B,0,0.0,2.48
2452,B,0,0.0,2.94
2453,B,0,0.0,3.87
2454,B,0,0.0,4.3
2455,A,0,0.0,0.88
2456,A,1,14.37,6.34
2457,B,0,0.0,4.21
2458,B,0,0.0,3.02
2459,B,0,0.0,3.12
2460,A,0,0.0,1.34
2461,A,0,0.0,4.64
2462,B,0,0.0,0.17
2463,A,0,0.0,0.22
2464,B,1,12.56,5.13
2465,A,1,4.06,1.77
2466,A,1,4.45,2.62
2467,B,0,0.0,1.61
2468,A,0,0.0,5.02
2469,A,0,0.0,1.23
2470,A,0,0.0,3.11
2471,A,1,15.95,4.28
2472,B,0,0.0,8.82
2473,B,0,0.0,6.53
2474,A,0,0.0,3.22
2475,B,0,0.0,5.59
2476,A,0,0.0,2.07
2477,B,0,0.0,3.13
2478,B,0,0.0,5.41
2479,B,0,0.0,8.02
2480,A,0,0.0,1.01
2481,A,0,0.0,2.27
2482,B,0,0.0,4.51
2483,A,1,10.51,5.01
2484,B,0,0.0,3.98
2485,A,0,0.0,2.8
2486,A,0,0.0,1.32
2487,A,0,0.0,1.06
2488,A,0,0.0,4.4
2489,B,0,0.0,2.01
2490,A,0,0.0,2.65
2491,B,0,0.0,1.69
2492,B,0,0.0,2.18
2493,B,0,0.0,1.41
2494,B,0,0.0,2.37
2495,B,0,0.0,2.54
2496,B,0,0.0,4.39
2497,A,0,0.0,1.41
2498,B,0,0.0,0.49
2499,A,1,9.1,2.33
2500,A,0,0.0,3.82
2501,B,0,0.0,2.0
2502,B,0,0.0,5.52
2503,A,0,0.0,3.09
2504,B,0,0.0,1.44
2505,B,0,0.0,5.13
2506,B,0,0.0,4.01
2507,A,0,0.0,2.56
2508,B,0,0.0,1.13
2509,B,0,0.0,0.39
2510,B,0,0.0,4.43
2511,A,0,0.0,5.47
2512,B,0,0.0,4.6
2513,A,0,0.0,3.37
2514,A,1,9.69,2.24
2515,B,0,0.0,8.96
2516,B,1,7.44,3.82
2517,B,1,11.13,6.65
2518,A,0,0.0,2.84
2519,B,0,0.0,5.14
2520,A,0,0.0,5.6
2521,B,0,0.0,1.53
2522,B,0,0.0,0.88
2523,A,0,0.0,4.75
2524,B,0,0.0,6.07
2525,A,0,0.0,4.81
2526,A,0,0.0,2.32
2527,B,0,0.0,0.66
2528,B,1,9.84,1.77
2529,B,0,0.0,6.42
2530,A,0,0.0,5.64
2531,A,0,0.0,2.48
2532,A,0,0.0,5.61
2533,B,0,0.0,2.7
2534,A,0,0.0,1.46
2535,A,0,0.0,3.13
2536,A,1,5.32,1.67
2537,A,0,0.0,5.91
2538,A,0,0.0,1.66
2539,B,0,0.0,3.75
2540,B,0,0.0,7.0
2541,B,0,0.0,3.0
2542,A,0,0.0,1.63
2543,B,0,0.0,6.14
2544,A,0,0.0,4.46
2545,B,0,0.0,6.94
2546,B,0,0.0,2.92
2547,A,0,0.0,4.34
2548,B,0,0.0,2.83
2549,B,0,0.0,4.72
2550,A,0,0.0,3.32
2551,A,0,0.0,2.29
2552,B,0,0.0,1.09
2553,A,0,0.0,1.67
2554,B,0,0.0,2.32
2555,A,0,0.0,4.35
2556,A,0,0.0,4.54
2557,A,1,16.18,2.75
2558,B,0,0.0,5.69
2559,A,0,0.0,9.66
2560,A,0,0.0,2.31
2561,A,0,0.0,5.17
2562,B,1,13.46,4.22
2563,A,0,0.0,4.04
2564,A,0,0.0,3.41
2565,A,1,10.98,0.19
2566,B,0,0.0,6.57
2567,A,0,0.0,0.34
2568,B,0,0.0,3.81
2569,B,1,7.68,5.65
2570,A,1,11.52,4.88
2571,B,0,0.0,1.22
2572,A,0,0.0,1.03
2573,A,0,0.0,3.48
2574,B,0,0.0,0.59
2575,B,0,0.0,8.2
2576,A,0,0.0,9.09
2577,B,0,0.0,2.83
2578,B,0,0.0,2.73
2579,A,0,0.0,3.71
2580,A,1,17.99,11.36
2581,B,0,0.0,1.34
2582,B,0,0.0,1.59
2583,A,0,0.0,4.38
2584,B,1,12.19,2.09
2585,B,0,0.0,5.82
2586,B,0,0.0,12.24
2587,B,0,0.0,5.62
2588,B,0,0.0,1.82
2589,A,0,0.0,3.64
2590,A,0,0.0,2.62
2591,B,0,0.0,1.17
2592,B,0,0.0,5.27
2593,B,0,0.0,7.79
2594,A,0,0.0,5.0
2595,B,0,0.0,10.07
2596,A,0,0.0,1.56
2597,B,0,0.0,2.84
2598,A,0,0.0,0.87
2599,B,0,0.0,3.54
2600,B,1,16.29,8.03
2601,A,0,0.0,3.2
2602,B,0,0.0,2.39
2603,B,0,0.0,5.55
2604,A,0,0.0,7.71
2605,A,0,0.0,3.85
2606,A,0,0.0,3.05
2607,B,0,0.0,7.85
2608,A,0,0.0,4.73
2609,B,1,17.08,8.2
2610,B,0,0.0,1.92
2611,A,0,0.0,3.26
2612,B,0,0.0,2.0
2613,A,0,0.0,0.71
2614,B,0,0.0,1.26
2615,B,1,9.12,4.92
2616,A,0,0.0,6.11
2617,B,0,0.0,2.63
2618,A,0,0.0,2.31
2619,B,0,0.0,7.99
2620,A,0,0.0,1.84
2621,A,0,0.0,4.94
2622,A,0,0.0,1.09
2623,B,0,0.0,0.62
2624,B,0,0.0,3.73
2625,A,0,0.0,3.04
2626,A,0,0.0,1.88
2627,B,0,0.0,0.73
2628,B,0,0.0,3.97
2629,B,0,0.0,1.58
2630,A,0,0.0,10.27
2631,B,0,0.0,4.8
2632,A,0,0.0,2.03
2633,A,0,0.0,1.15
2634,A,1,13.21,3.14
2635,A,0,0.0,1.83
2636,B,0,0.0,1.0
2637,B,0,0.0,5.16
2638,A,0,0.0,1.65
2639,A,0,0.0,4.91
2640,A,0,0.0,2.02
2641,B,0,0.0,4.31
2642,A,0,0.0,3.96
2643,A,0,0.0,6.89
2644,A,0,0.0,6.01
2645,A,0,0.0,1.42
2646,A,0,0.0,6.11
2647,B,0,0.0,10.97
2648,B,0,0.0,1.54
2649,B,0,0.0,5.61
2650,A,0,0.0,3.11
2651,B,0,0.0,4.43
2652,B,0,0.0,16.24
2653,B,0,0.0,1.32
2654,A,1,7.97,3.58
2655,A,0,0.0,1.22
2656,A,0,0.0,2.87
2657,B,1,6.06,6.38
2658,A,0,0.0,3.31
2659,A,0,0.0,1.38
2660,B,0,0.0,6.64
2661,B,0,0.0,4.62
2662,A,0,0.0,1.68
2663,A,0,0.0,4.82
2664,A,0,0.0,0.46
2665,A,0,0.0,3.83
2666,A,0,0.0,2.69
2667,A,0,0.0,7.42
2668,A,0,0.0,3.01
2669,B,0,0.0,0.6
2670,B,0,0.0,13.88
2671,B,0,0.0,3.44
2672,A,1,13.49,3.87
2673,B,0,0.0,0.84
2674,A,0,0.0,10.72
2675,B,0,0.0,9.28
2676,B,0,0.0,8.66
2677,A,0,0.0,4.76
2678,A,1,16.2,6.66
2679,B,0,0.0,6.17
2680,A,0,0.0,0.86
2681,A,0,0.0,8.32
2682,B,0,0.0,1.04
2683,B,0,0.0,5.38
2684,A,0,0.0,6.15
2685,A,1,6.22,0.58
2686,A,0,0.0,6.65
2687,B,0,0.0,4.77
2688,B,0,0.0,4.45
2689,A,0,0.0,2.6
2690,A,0,0.0,4.04
2691,A,0,0.0,6.42
2692,B,1,11.93,1.65
2693,A,0,0.0,1.2
2694,A,0,0.0,6.96
2695,A,0,0.0,0.27
2696,A,0,0.0,7.56
2697,A,0,0.0,0.26
2698,B,1,7.82,3.09
2699,B,0,0.0,8.12
2700,B,0,0.0,7.61
2701,B,0,0.0,2.26
2702,B,0,0.0,6.61
2703,A,0,0.0,6.27
2704,A,0,0.0,0.03
2705,A,0,0.0,4.66
2706,A,0,0.0,1.35
2707,B,0,0.0,11.23
2708,B,0,0.0,1.79
2709,A,0,0.0,11.42
2710,A,0,0.0,5.18
2711,B,0,0.0,6.96
2712,A,0,0.0,6.46
2713,A,0,0.0,4.76
2714,A,0,0.0,2.08
2715,A,0,0.0,2.15
2716,A,0,0.0,1.92
2717,A,0,0.0,1.23
2718,A,1,11.78,2.48
2719,A,0,0.0,3.69
2720,A,1,11.38,2.8
2721,A,0,0.0,7.08
2722,B,0,0.0,2.74
2723,A,0,0.0,6.64
2724,A,0,0.0,4.81
2725,B,0,0.0,9.64
2726,A,0,0.0,5.2
2727,B,0,0.0,7.9
2728,A,0,0.0,6.0
2729,A,0,0.0,3.54
2730,B,0,0.0,6.99
2731,B,0,0.0,1.32
2732,B,0,0.0,4.03
2733,A,0,0.0,4.11
2734,A,0,0.0,6.77
2735,B,0,0.0,0.91
2736,A,1,9.01,3.49
2737,A,0,0.0,5.55
2738,A,0,0.0,6.26
2739,A,1,14.24,2.23
2740,A,0,0.0,1.09
2741,B,0,0.0,4.69
2742,A,0,0.0,0.95
2743,B,0,0.0,3.74
2744,B,0,0.0,3.41
2745,A,0,0.0,4.15
2746,B,0,0.0,8.32
2747,A,0,0.0,6.68
2748,A,0,0.0,4.94
2749,B,0,0.0,5.84
2750,A,0,0.0,3.2
2751,B,0,0.0,4.64
2752,A,1,16.81,4.41
2753,B,0,0.0,2.3
2754,A,0,0.0,3.97
2755,B,1,14.69,11.06
2756,B,0,0.0,3.41
2757,B,0,0.0,4.11
2758,B,1,12.32,1.58
2759,B,0,0.0,1.72
2760,B,0,0.0,1.21
2761,B,0,0.0,1.93
2762,A,0,0.0,8.72
2763,A,1,10.52,3.66
2764,B,0,0.0,0.35
2765,A,0,0.0,8.05
2766,B,0,0.0,2.2
2767,B,0,0.0,1.49
2768,A,0,0.0,8.9
2769,B,0,0.0,3.8
2770,B,0,0.0,11.53
2771,A,0,0.0,4.26
2772,A,0,0.0,2.02
2773,A,0,0.0,2.04
2774,B,0,0.0,3.78
2775,A,0,0.0,2.23
2776,A,0,0.0,5.43
2777,B,0,0.0,3.14
2778,A,1,11.99,10.87
2779,A,1,14.63,2.31
2780,B,0,0.0,4.67
2781,B,0,0.0,11.07
2782,A,0,0.0,5.97
2783,A,0,0.0,9.66
2784,A,0,0.0,9.24
2785,B,0,0.0,3.16
2786,A,0,0.0,2.51
2787,B,0,0.0,0.25
2788,A,0,0.0,3.59
2789,A,0,0.0,3.26
2790,A,0,0.0,4.5
2791,A,0,0.0,9.97
2792,A,0,0.0,3.04
2793,A,0,0.0,2.85
2794,B,0,0.0,5.14
2795,B,0,0.0,3.1
2796,B,1,15.0,2.48
2797,A,0,0.0,1.89
2798,B,0,0.0,3.54
2799,A,1,12.42,4.61
2800,A,0,0.0,1.56
2801,A,0,0.0,2.33
2802,B,0,0.0,3.72
2803,A,0,0.0,1.64
2804,A,0,0.0,6.29
2805,B,0,0.0,6.46
2806,B,0,0.0,2.8
2807,B,0,0.0,15.72
2808,A,0,0.0,6.82
2809,B,0,0.0,5.18
2810,B,0,0.0,4.62
2811,B,1,18.23,7.72
2812,A,0,0.0,9.2
2813,B,0,0.0,4.84
2814,B,0,0.0,15.49
2815,A,0,0.0,3.7
2816,B,0,0.0,2.31
2817,B,0,0.0,1.78
2818,B,0,0.0,2.51
2819,B,0,0.0,3.1
2820,A,0,0.0,2.71
2821,B,0,0.0,2.26
2822,A,0,0.0,5.41
2823,B,0,0.0,1.19
2824,B,0,0.0,1.08
2825,B,0,0.0,3.53
2826,B,0,0.0,2.73
2827,A,0,0.0,1.71
2828,B,1,12.62,11.7
2829,B,0,0.0,2.91
2830,A,0,0.0,4.58
2831,B,0,0.0,1.15
2832,B,0,0.0,20.68
2833,A,0,0.0,2.72
2834,A,0,0.0,6.57
2835,A,0,0.0,4.17
2836,B,1,10.51,5.4
2837,A,0,0.0,2.23
2838,A,0,0.0,0.21
2839,A,0,0.0,0.88
2840,B,0,0.0,9.56
2841,A,0,0.0,5.19
2842,B,0,0.0,5.49
2843,A,0,0.0,2.27
2844,A,0,0.0,2.77
2845,B,0,0.0,2.64
2846,A,1,7.99,1.3
2847,B,0,0.0,5.72
2848,A,0,0.0,2.03
2849,B,0,0.0,0.69
2850,B,0,0.0,3.67
2851,B,1,10.64,3.26
2852,A,0,0.0,2.08
2853,A,0,0.0,4.23
2854,A,0,0.0,5.28
2855,B,0,0.0,7.35
2856,B,0,0.0,2.25
2857,A,0,0.0,2.03
2858,A,0,0.0,5.65
2859,A,0,0.0,3.71
2860,A,1,5.28,2.6
2861,B,0,0.0,6.22
2862,B,0,0.0,8.35
2863,A,0,0.0,5.65
2864,B,0,0.0,1.55
2865,B,0,0.0,0.14
2866,B,0,0.0,6.46
2867,B,1,16.69,2.88
2868,B,0,0.0,3.3
2869,B,0,0.0,12.39
2870,B,0,0.0,6.34
2871,B,0,0.0,4.07
2872,B,1,12.55,3.57
2873,A,1,13.27,0.75
2874,B,0,0.0,5.33
2875,A,0,0.0,3.15
2876,A,0,0.0,4.63
2877,B,0,0.0,8.49
2878,B,0,0.0,1.9
2879,A,0,0.0,5.04
2880,A,0,0.0,0.36
2881,A,0,0.0,0.57
2882,A,0,0.0,4.64
2883,A,0,0.0,6.13
2884,A,0,0.0,2.03
2885,B,0,0.0,7.37
2886,A,0,0.0,3.47
2887,A,0,0.0,7.21
2888,A,1,12.96,1.86
2889,A,0,0.0,1.67
2890,B,0,0.0,7.69
2891,B,0,0.0,8.35
2892,A,0,0.0,1.62
2893,A,0,0.0,8.69
2894,A,0,0.0,4.71
2895,B,0,0.0,1.47
2896,B,0,0.0,1.79
2897,B,0,0.0,3.34
2898,B,0,0.0,3.0
2899,B,1,20.18,6.33
2900,B,0,0.0,2.84
2901,A,0,0.0,0.72
2902,B,0,0.0,6.54
2903,A,0,0.0,11.51
2904,A,0,0.0,0.6
2905,A,0,0.0,6.69
2906,B,0,0.0,0.75
2907,A,0,0.0,5.49
2908,B,0,0.0,2.61
2909,A,0,0.0,1.21
2910,B,0,0.0,3.75
2911,A,0,0.0,1.97
2912,A,0,0.0,9.86
2913,B,0,0.0,3.05
2914,B,0,0.0,4.41
2915,B,0,0.0,3.62
2916,B,0,0.0,6.21
2917,B,0,0.0,2.0
2918,A,0,0.0,11.71
2919,B,0,0.0,4.15
2920,A,0,0.0,4.2
2921,A,1,12.82,3.73
2922,B,0,0.0,4.11
2923,B,0,0.0,2.86
2924,B,0,0.0,2.56
2925,A,0,0.0,2.77
2926,B,0,0.0,4.4
2927,A,0,0.0,6.9
2928,B,0,0.0,4.54
2929,B,0,0.0,3.12
2930,B,0,0.0,4.91
2931,A,0,0.0,6.59
2932,B,0,0.0,5.19
2933,A,0,0.0,10.18
2934,B,0,0.0,3.71
2935,A,0,0.0,3.78
2936,B,0,0.0,2.26
2937,B,0,0.0,1.91
2938,A,0,0.0,4.3
2939,A,0,0.0,2.78
2940,A,0,0.0,5.72
2941,A,1,7.63,3.04
2942,A,0,0.0,3.89
2943,B,0,0.0,11.14
2944,B,0,0.0,6.37
2945,A,0,0.0,7.08
2946,A,0,0.0,2.03
2947,B,0,0.0,1.7
2948,B,0,0.0,2.58
2949,A,0,0.0,7.76
2950,B,1,14.19,1.59
2951,B,0,0.0,3.85
2952,A,0,0.0,9.61
2953,A,0,0.0,2.72
2954,A,0,0.0,3.68
2955,B,0,0.0,5.5
2956,A,0,0.0,0.87
2957,B,0,0.0,8.18
2958,B,0,0.0,2.95
2959,B,1,14.67,2.94
2960,A,0,0.0,0.67
2961,A,0,0.0,1.96
2962,A,0,0.0,0.18
2963,A,0,0.0,7.84
2964,A,0,0.0,8.66
2965,A,1,8.52,1.83
2966,A,1,10.49,7.1
2967,A,0,0.0,5.02
2968,A,0,0.0,1.73
2969,A,0,0.0,1.49
2970,B,0,0.0,0.68
2971,A,0,0.0,0.88
2972,A,0,0.0,5.24
2973,B,0,0.0,12.2
2974,B,0,0.0,5.1
2975,B,0,0.0,0.55
2976,B,0,0.0,2.59
2977,B,1,4.73,3.26
2978,A,0,0.0,0.96
2979,B,0,0.0,1.65
2980,A,1,8.96,4.5
2981,A,0,0.0,2.7
2982,B,0,0.0,1.89
2983,A,1,10.68,0.63
2984,B,0,0.0,6.31
2985,A,1,10.33,4.66
2986,A,0,0.0,11.34
2987,A,0,0.0,1.02
2988,A,1,9.92,5.42
2989,A,0,0.0,5.62
2990,A,0,0.0,3.81
2991,B,1,17.18,1.87
2992,B,0,0.0,2.46
2993,A,0,0.0,3.57
2994,B,0,0.0,0.46
2995,A,0,0.0,5.58
2996,A,0,0.0,3.69
2997,A,0,0.0,2.65
2998,B,0,0.0,3.81
2999,B,0,0.0,3.8
3000,B,0,0.0,4.75
3001,B,0,0.0,3.97
3002,A,1,13.13,1.72
3003,B,0,0.0,2.09
3004,B,0,0.0,3.74
3005,A,1,13.7,3.3
3006,A,0,0.0,8.87
3007,A,0,0.0,2.07
3008,A,0,0.0,2.55
3009,A,0,0.0,2.73
3010,B,0,0.0,0.95
3011,A,0,0.0,3.82
3012,B,0,0.0,1.53
3013,B,0,0.0,2.43
3014,B,0,0.0,1.68
3015,B,0,0.0,3.02
3016,A,0,0.0,3.85
3017,B,0,0.0,3.2
3018,B,0,0.0,4.26
3019,A,0,0.0,1.28
3020,A,0,0.0,2.33
3021,A,1,9.62,10.25
3022,A,0,0.0,2.36
3023,B,0,0.0,4.87
3024,A,0,0.0,6.63
3025,B,0,0.0,0.56
3026,A,0,0.0,3.84
3027,B,0,0.0,2.5
3028,A,0,0.0,3.84
3029,A,0,0.0,3.26
3030,B,0,0.0,4.9
3031,A,0,0.0,1.2
3032,B,1,14.41,0.99
3033,B,0,0.0,4.56
3034,A,0,0.0,3.81
3035,B,0,0.0,0.31
3036,A,1,15.53,9.26
3037,A,0,0.0,2.86
3038,B,0,0.0,3.09
3039,A,0,0.0,0.66
3040,B,0,0.0,3.61
3041,A,0,0.0,4.43
3042,A,0,0.0,5.31
3043,A,0,0.0,1.38
3044,B,0,0.0,19.29
3045,B,1,12.29,5.78
3046,B,0,0.0,6.38
3047,B,0,0.0,10.97
3048,B,0,0.0,3.06
3049,B,1,7.07,4.02
3050,B,1,16.46,0.34
3051,A,0,0.0,0.57
3052,B,0,0.0,3.03
3053,A,0,0.0,3.71
3054,A,0,0.0,3.01
3055,B,0,0.0,2.38
3056,B,1,3.1,5.19
3057,B,0,0.0,5.32
3058,B,0,0.0,2.55
3059,A,0,0.0,3.54
3060,B,0,0.0,4.68
3061,A,0,0.0,3.97
3062,A,0,0.0,0.86
3063,B,0,0.0,2.54
3064,A,0,0.0,2.28
3065,B,0,0.0,8.11
3066,B,0,0.0,1.61
3067,A,0,0.0,2.93
3068,A,0,0.0,2.66
3069,A,0,0.0,2.41
3070,B,0,0.0,0.72
3071,B,0,0.0,10.14
3072,B,0,0.0,3.1
3073,A,0,0.0,4.73
3074,A,0,0.0,4.13
3075,B,0,0.0,2.37
3076,B,0,0.0,3.07
3077,B,0,0.0,7.49
3078,A,0,0.0,0.92
3079,A,0,0.0,3.14
3080,B,0,0.0,4.05
3081,A,0,0.0,2.45
3082,B,0,0.0,2.42
3083,A,0,0.0,5.01
3084,B,0,0.0,2.82
3085,A,0,0.0,11.16
3086,B,0,0.0,5.07
3087,A,1,15.71,8.52
3088,A,1,5.94,5.3
3089,A,1,13.04,1.53
3090,B,0,0.0,3.0
3091,A,0,0.0,3.31
3092,A,1,5.18,3.33
3093,A,0,0.0,5.0
3094,B,0,0.0,4.7
3095,B,0,0.0,3.46
3096,A,0,0.0,1.06
3097,A,0,0.0,9.33
3098,A,0,0.0,2.46
3099,A,0,0.0,2.17
3100,B,0,0.0,0.32
3101,B,0,0.0,5.26
3102,A,1,14.01,6.53
3103,B,0,0.0,6.4
3104,A,0,0.0,0.31
3105,A,0,0.0,6.97
3106,B,0,0.0,2.53
3107,A,0,0.0,2.63
3108,B,0,0.0,1.81
3109,B,0,0.0,4.89
3110,B,0,0.0,6.54
3111,A,0,0.0,3.38
3112,B,0,0.0,2.53
3113,B,0,0.0,7.04
3114,A,0,0.0,3.04
3115,B,0,0.0,3.89
3116,B,0,0.0,2.35
3117,A,0,0.0,4.17
3118,B,0,0.0,4.64
3119,A,0,0.0,1.74
3120,A,1,16.46,0.96
3121,B,0,0.0,2.84
3122,B,0,0.0,0.99
3123,A,0,0.0,2.96
3124,B,0,0.0,6.69
3125,B,0,0.0,2.64
3126,A,0,0.0,0.17
3127,B,0,0.0,1.44
3128,B,0,0.0,3.87
3129,B,0,0.0,3.79
3130,B,0,0.0,1.7
3131,B,0,0.0,4.88
3132,B,0,0.0,1.75
3133,A,0,0.0,8.85
3134,B,0,0.0,6.09
3135,B,0,0.0,14.79
3136,A,0,0.0,4.99
3137,A,0,0.0,3.98
3138,B,0,0.0,1.14
3139,A,0,0.0,3.51
3140,B,0,0.0,1.23
3141,A,0,0.0,6.64
3142,B,1,12.48,1.78
3143,A,0,0.0,14.47
3144,B,0,0.0,3.08
3145,B,0,0.0,13.24
3146,B,0,0.0,0.8
3147,B,0,0.0,2.32
3148,A,0,0.0,1.03
3149,A,0,0.0,1.19
3150,B,0,0.0,3.35
3151,A,0,0.0,0.55
3152,B,0,0.0,5.18
3153,A,0,0.0,3.07
3154,B,0,0.0,2.13
3155,A,1,8.02,2.46
3156,B,0,0.0,2.25
3157,B,1,18.0,16.16
3158,B,0,0.0,2.77
3159,B,1,12.15,2.94
3160,A,1,5.25,2.31
3161,B,0,0.0,6.6
3162,A,0,0.0,4.08
3163,B,1,12.66,3.83
3164,A,0,0.0,0.52
3165,B,0,0.0,3.07
3166,B,0,0.0,6.81
3167,A,0,0.0,1.59
3168,A,0,0.0,7.23
3169,A,0,0.0,4.16
3170,A,0,0.0,4.11
3171,A,0,0.0,5.15
3172,A,0,0.0,2.19
3173,B,0,0.0,2.98
3174,A,1,16.13,6.89
3175,A,1,17.74,8.44
3176,A,0,0.0,7.27
3177,A,0,0.0,8.93
3178,A,1,9.96,7.42
3179,A,1,9.47,0.75
3180,A,0,0.0,4.79
3181,A,0,0.0,0.78
3182,B,0,0.0,1.37
3183,B,0,0.0,1.07
3184,A,0,0.0,1.64
3185,A,1,8.33,3.65
3186,A,0,0.0,1.5
3187,A,0,0.0,3.9
3188,A,0,0.0,6.86
3189,B,0,0.0,4.5
3190,A,0,0.0,0.52
3191,B,1,9.72,2.78
3192,A,0,0.0,5.44
3193,B,1,12.14,2.63
3194,A,0,0.0,4.52
3195,B,0,0.0,1.57
3196,B,0,0.0,2.65
3197,A,1,3.64,5.78
3198,A,0,0.0,1.21
3199,B,0,0.0,3.18
3200,B,0,0.0,2.91
3201,B,0,0.0,2.39
3202,B,0,0.0,4.41
3203,B,1,13.21,7.63
3204,B,0,0.0,2.75
3205,A,0,0.0,1.96
3206,B,0,0.0,2.71
3207,A,0,0.0,8.06
3208,B,0,0.0,1.57
3209,A,0,0.0,1.32
3210,A,0,0.0,2.1
3211,A,1,12.09,5.46
3212,B,0,0.0,3.32
3213,A,1,10.43,5.36
3214,B,1,15.14,1.2
3215,A,0,0.0,2.79
3216,B,1,16.67,1.33
3217,A,0,0.0,1.4
3218,A,0,0.0,4.27
3219,A,0,0.0,2.81
3220,A,0,0.0,11.69
3221,A,0,0.0,7.34
3222,A,0,0.0,3.43
3223,A,0,0.0,2.73
3224,B,0,0.0,0.85
3225,A,0,0.0,0.6
3226,A,1,4.88,6.99
3227,B,0,0.0,2.06
3228,B,0,0.0,4.0
3229,A,0,0.0,3.55
3230,B,0,0.0,5.55
3231,A,0,0.0,10.26
3232,A,0,0.0,5.99
3233,B,0,0.0,2.94
3234,B,0,0.0,8.25
3235,B,0,0.0,4.85
3236,A,0,0.0,2.99
3237,A,0,0.0,3.8
3238,A,0,0.0,6.35
3239,B,0,0.0,8.14
3240,A,0,0.0,2.04
3241,B,0,0.0,2.64
3242,A,0,0.0,0.92
3243,B,0,0.0,6.17
3244,B,0,0.0,2.86
3245,B,0,0.0,9.4
3246,A,0,0.0,8.58
3247,B,0,0.0,3.92
3248,B,1,11.49,4.09
3249,B,0,0.0,1.83
3250,B,0,0.0,1.88
3251,A,0,0.0,3.5
3252,B,0,0.0,2.79
3253,B,0,0.0,10.02
3254,A,0,0.0,1.98
3255,A,0,0.0,5.27
3256,B,0,0.0,2.9
3257,A,0,0.0,3.71
3258,B,0,0.0,4.54
3259,A,0,0.0,1.24
3260,A,0,0.0,5.77
3261,A,0,0.0,7.83
3262,B,1,12.95,7.16
3263,A,0,0.0,2.97
3264,A,0,0.0,1.66
3265,B,1,17.86,6.21
3266,A,0,0.0,2.22
3267,B,0,0.0,4.03
3268,B,0,0.0,0.55
3269,B,0,0.0,0.81
3270,A,0,0.0,2.92
3271,A,1,8.51,2.86
3272,A,0,0.0,1.42
3273,B,0,0.0,0.59
3274,A,0,0.0,4.36
3275,B,0,0.0,0.66
3276,B,1,15.68,1.83
3277,A,0,0.0,5.63
3278,B,0,0.0,3.26
3279,A,0,0.0,4.32
3280,B,0,0.0,3.71
3281,A,0,0.0,3.81
3282,B,1,11.82,2.9
3283,A,0,0.0,1.42
3284,A,0,0.0,7.03
3285,A,1,5.42,3.86
3286,A,0,0.0,3.68
3287,B,0,0.0,18.05
3288,B,0,0.0,1.38
3289,A,0,0.0,7.08
3290,A,0,0.0,3.95
3291,B,0,0.0,1.04
3292,B,0,0.0,2.1
3293,B,0,0.0,2.45
3294,B,0,0.0,0.86
3295,B,0,0.0,2.24
3296,B,0,0.0,5.93
3297,A,0,0.0,7.93
3298,B,0,0.0,4.23
3299,B,1,14.56,3.7
3300,A,0,0.0,3.0
3301,B,0,0.0,1.82
3302,A,0,0.0,2.47
3303,B,0,0.0,4.38
3304,A,0,0.0,0.91
3305,A,0,0.0,2.83
3306,A,0,0.0,3.69
3307,B,0,0.0,4.0
3308,B,0,0.0,0.82
3309,B,0,0.0,8.94
3310,B,0,0.0,5.0
3311,A,0,0.0,1.61
3312,A,0,0.0,2.36
3313,A,0,0.0,5.78
3314,B,0,0.0,6.48
3315,B,0,0.0,1.81
3316,A,0,0.0,1.46
3317,B,0,0.0,7.73
3318,A,0,0.0,4.82
3319,A,0,0.0,3.19
3320,A,0,0.0,2.27
3321,A,0,0.0,3.0
3322,B,0,0.0,1.48
3323,A,0,0.0,6.46
3324,A,0,0.0,3.95
3325,B,0,0.0,4.32
3326,B,0,0.0,14.33
3327,A,0,0.0,4.48
3328,B,0,0.0,1.35
3329,A,0,0.0,2.08
3330,A,0,0.0,6.87
3331,A,0,0.0,7.87
3332,A,0,0.0,4.01
3333,A,0,0.0,2.64
3334,B,0,0.0,6.24
3335,A,0,0.0,1.37
3336,B,0,0.0,1.54
3337,B,0,0.0,3.03
3338,B,0,0.0,4.69
3339,A,0,0.0,3.9
3340,A,0,0.0,4.19
3341,B,0,0.0,1.11
3342,B,0,0.0,2.48
3343,A,0,0.0,3.2
3344,A,0,0.0,2.5
3345,A,0,0.0,2.1
3346,B,0,0.0,5.04
3347,B,0,0.0,2.67
3348,A,0,0.0,1.62
3349,B,0,0.0,6.97
3350,B,1,2.11,3.71
3351,A,0,0.0,0.67
3352,A,1,17.77,4.62
3353,A,0,0.0,11.45
3354,B,0,0.0,6.38
3355,A,0,0.0,7.4
3356,B,0,0.0,8.1
3357,A,0,0.0,4.61
3358,B,0,0.0,1.92
3359,B,0,0.0,6.89
3360,A,0,0.0,1.19
3361,B,0,0.0,3.67
3362,A,0,0.0,5.25
3363,B,0,0.0,4.28
3364,B,0,0.0,2.53
3365,B,1,11.53,1.23
3366,A,0,0.0,11.12
3367,A,0,0.0,5.68
3368,B,1,5.32,2.13
3369,A,0,0.0,1.35
3370,A,0,0.0,3.8
3371,B,0,0.0,3.67
3372,B,0,0.0,3.92
3373,B,0,0.0,8.56
3374,A,0,0.0,1.87
3375,A,0,0.0,4.72
3376,B,0,0.0,0.72
3377,A,0,0.0,2.8
3378,B,0,0.0,8.86
3379,B,0,0.0,1.07
3380,A,0,0.0,6.03
3381,A,0,0.0,2.52
3382,B,0,0.0,2.99
3383,A,1,11.2,2.21
3384,B,0,0.0,4.89
3385,A,1,12.65,5.18
3386,B,1,8.27,6.55
3387,B,0,0.0,2.57
3388,B,0,0.0,1.87
3389,A,0,0.0,7.53
3390,B,0,0.0,2.09
3391,A,0,0.0,5.15
3392,A,0,0.0,1.97
3393,A,0,0.0,5.06
3394,A,0,0.0,17.87
3395,B,0,0.0,5.98
3396,A,0,0.0,1.9
3397,A,0,0.0,3.63
3398,B,0,0.0,4.15
3399,B,0,0.0,3.3
3400,B,0,0.0,6.05
3401,A,0,0.0,6.03
3402,B,0,0.0,4.2
3403,B,0,0.0,9.85
3404,B,0,0.0,1.66
3405,A,1,10.97,2.1
3406,A,0,0.0,0.3
3407,B,0,0.0,4.02
3408,B,0,0.0,2.76
3409,A,0,0.0,4.71
3410,A,0,0.0,1.85
3411,B,0,0.0,1.68
3412,A,0,0.0,3.63
3413,B,0,0.0,2.05
3414,B,1,10.02,4.38
3415,A,0,0.0,4.32
3416,A,0,0.0,3.25
3417,A,0,0.0,5.82
3418,A,0,0.0,3.8
3419,B,0,0.0,2.58
3420,A,0,0.0,1.6
3421,A,0,0.0,4.61
3422,B,1,9.62,1.83
3423,A,1,10.53,6.78
3424,A,0,0.0,4.49
3425,B,0,0.0,2.31
3426,B,0,0.0,1.35
3427,A,0,0.0,1.16
3428,A,0,0.0,8.5
3429,A,0,0.0,0.36
3430,A,0,0.0,1.81
3431,A,0,0.0,16.47
3432,A,0,0.0,6.46
3433,A,0,0.0,10.12
3434,A,0,0.0,5.25
3435,A,0,0.0,3.89
3436,B,0,0.0,4.94
3437,A,1,8.09,1.07
3438,A,0,0.0,1.87
3439,A,0,0.0,1.45
3440,B,1,17.19,1.21
3441,A,0,0.0,15.8
3442,B,0,0.0,1.65
3443,A,0,0.0,6.73
3444,A,0,0.0,0.45
3445,B,0,0.0,0.35
3446,A,0,0.0,3.65
3447,A,0,0.0,5.52
3448,B,0,0.0,1.2
3449,A,0,0.0,2.86
3450,B,0,0.0,8.55
3451,B,0,0.0,7.88
3452,B,0,0.0,1.61
3453,A,0,0.0,10.95
3454,A,0,0.0,9.56
3455,A,0,0.0,6.87
3456,B,0,0.0,0.84
3457,A,0,0.0,1.9
3458,B,0,0.0,4.79
3459,B,0,0.0,3.3
3460,B,0,0.0,3.7
3461,B,0,0.0,4.94
3462,B,0,0.0,4.2
3463,B,0,0.0,6.01
3464,A,0,0.0,9.82
3465,B,0,0.0,4.24
3466,B,1,15.97,2.64
3467,A,0,0.0,3.52
3468,B,0,0.0,1.22
3469,A,0,0.0,3.89
3470,B,0,0.0,7.9
3471,A,0,0.0,0.42
3472,A,0,0.0,0.53
3473,A,0,0.0,6.96
3474,B,0,0.0,2.04
3475,B,0,0.0,3.25
3476,A,0,0.0,4.9
3477,A,0,0.0,10.94
3478,B,0,0.0,6.85
3479,A,1,10.69,6.93
3480,B,0,0.0,5.8
3481,B,0,0.0,1.72
3482,B,0,0.0,4.9
3483,B,0,0.0,9.54
3484,A,0,0.0,0.13
3485,A,0,0.0,0.42
3486,A,0,0.0,5.4
3487,B,0,0.0,1.2
3488,B,1,7.89,2.77
3489,A,0,0.0,4.41
3490,B,1,16.67,10.47
3491,B,1,12.44,3.48
3492,A,0,0.0,4.21
3493,A,0,0.0,8.51
3494,B,0,0.0,1.92
3495,B,0,0.0,0.94
3496,B,0,0.0,8.48
3497,A,0,0.0,0.31
3498,B,0,0.0,0.72
3499,A,1,7.79,1.1
3500,B,0,0.0,6.01
3501,B,0,0.0,6.18
3502,B,0,0.0,5.22
3503,B,0,0.0,7.31
3504,A,0,0.0,1.77
3505,B,0,0.0,2.93
3506,B,0,0.0,2.13
3507,B,1,11.24,3.61
3508,B,0,0.0,3.53
3509,A,0,0.0,1.19
3510,A,0,0.0,4.52
3511,A,0,0.0,5.41
3512,B,0,0.0,5.88
3513,A,0,0.0,3.06
3514,A,0,0.0,4.13
3515,A,1,10.28,2.75
3516,A,0,0.0,0.52
3517,B,0,0.0,7.88
3518,A,0,0.0,8.01
3519,A,0,0.0,1.53
3520,A,0,0.0,2.8
3521,A,0,0.0,4.19
3522,A,0,0.0,4.86
3523,A,0,0.0,3.87
3524,B,0,0.0,3.45
3525,A,0,0.0,4.28
3526,B,0,0.0,0.86
3527,A,0,0.0,4.2
3528,A,0,0.0,2.98
3529,A,0,0.0,12.37
3530,A,1,15.72,10.46
3531,B,0,0.0,4.82
3532,A,1,8.79,2.63
3533,B,0,0.0,6.25
3534,A,0,0.0,1.63
3535,A,0,0.0,8.86
3536,A,0,0.0,2.82
3537,B,0,0.0,3.79
3538,A,0,0.0,1.54
3539,B,0,0.0,1.84
3540,B,1,15.89,10.99
3541,A,0,0.0,5.23
3542,A,0,0.0,2.82
3543,B,0,0.0,7.18
3544,B,0,0.0,3.04
3545,B,0,0.0,4.25
3546,A,0,0.0,4.59
3547,B,0,0.0,1.95
3548,A,0,0.0,3.53
3549,A,0,0.0,6.43
3550,A,0,0.0,4.89
3551,B,0,0.0,0.96
3552,B,0,0.0,2.76
3553,B,0,0.0,14.79
3554,B,0,0.0,1.55
3555,A,0,0.0,2.08
3556,B,0,0.0,3.73
3557,A,0,0.0,1.09
3558,A,0,0.0,0.55
3559,B,0,0.0,8.51
3560,A,0,0.0,0.73
3561,B,0,0.0,7.43
3562,B,1,17.6,4.13
3563,A,0,0.0,4.54
3564,B,0,0.0,11.64
3565,B,0,0.0,1.33
3566,B,0,0.0,0.82
3567,A,0,0.0,7.45
3568,A,0,0.0,7.59
3569,B,0,0.0,4.71
3570,A,0,0.0,1.73
3571,A,0,0.0,1.11
3572,A,0,0.0,2.92
3573,A,0,0.0,4.7
3574,B,0,0.0,1.22
3575,A,0,0.0,7.3
3576,A,0,0.0,2.09
3577,A,0,0.0,2.73
3578,A,0,0.0,7.34
3579,B,0,0.0,2.49
3580,A,0,0.0,7.04
3581,A,0,0.0,4.17
3582,B,0,0.0,1.87
3583,A,0,0.0,2.08
3584,A,0,0.0,5.01
3585,B,0,0.0,5.94
3586,A,0,0.0,6.08
3587,A,0,0.0,8.14
3588,B,0,0.0,5.87
3589,A,0,0.0,5.36
3590,A,0,0.0,2.96
3591,B,0,0.0,3.45
3592,B,0,0.0,1.41
3593,A,0,0.0,2.24
3594,B,0,0.0,3.52
3595,B,1,15.85,2.64
3596,A,0,0.0,0.51
3597,B,0,0.0,1.22
3598,A,0,0.0,9.1
3599,A,0,0.0,1.1
3600,B,0,0.0,8.09
3601,B,0,0.0,4.54
3602,A,0,0.0,5.39
3603,B,0,0.0,5.52
3604,A,1,7.62,2.45
3605,B,0,0.0,1.8
3606,A,0,0.0,2.34
3607,A,0,0.0,5.82
3608,B,0,0.0,1.36
3609,A,0,0.0,3.69
3610,A,0,0.0,4.33
3611,A,1,11.47,5.11
3612,B,0,0.0,4.72
3613,A,0,0.0,1.02
3614,A,0,0.0,10.99
3615,A,0,0.0,2.15
3616,A,1,17.38,5.72
3617,B,0,0.0,3.29
3618,B,0,0.0,3.07
3619,B,0,0.0,2.23
3620,B,0,0.0,9.21
3621,A,0,0.0,2.66
3622,A,0,0.0,1.14
3623,B,0,0.0,1.06
3624,B,1,16.19,2.13
3625,A,1,11.28,7.14
3626,A,0,0.0,2.64
3627,A,0,0.0,3.73
3628,A,0,0.0,7.36
3629,A,0,0.0,6.18
3630,B,0,0.0,6.53
3631,B,0,0.0,5.53
3632,A,1,16.75,3.67
3633,A,0,0.0,4.2
3634,A,0,0.0,5.1
3635,B,1,12.01,4.23
3636,B,0,0.0,3.84
3637,B,0,0.0,2.39
3638,B,0,0.0,1.65
3639,A,0,0.0,2.96
3640,A,1,3.84,1.86
3641,B,0,0.0,0.88
3642,A,0,0.0,6.67
3643,A,0,0.0,1.46
3644,A,0,0.0,6.53
3645,B,0,0.0,5.38
3646,B,0,0.0,3.53
3647,B,0,0.0,9.67
3648,A,0,0.0,0.97
3649,B,0,0.0,3.7
3650,A,0,0.0,8.58
3651,B,0,0.0,4.49
3652,B,1,4.04,1.88
3653,B,0,0.0,1.1
3654,A,1,8.89,3.77
3655,B,0,0.0,0.91
3656,A,0,0.0,6.16
3657,A,0,0.0,5.43
3658,B,0,0.0,0.3
3659,B,1,8.8,2.32
3660,A,0,0.0,8.62
3661,A,0,0.0,5.85
3662,A,0,0.0,1.41
3663,A,0,0.0,1.13
3664,B,0,0.0,1.18
3665,A,0,0.0,1.74
3666,B,0,0.0,4.94
3667,B,0,0.0,4.17
3668,A,0,0.0,8.86
3669,B,0,0.0,4.83
3670,B,0,0.0,7.07
3671,A,0,0.0,3.0
3672,B,0,0.0,2.37
3673,B,0,0.0,1.89
3674,A,0,0.0,1.15
3675,A,0,0.0,11.16
3676,B,0,0.0,1.61
3677,A,0,0.0,7.23
3678,A,0,0.0,2.5
3679,B,0,0.0,5.1
3680,B,1,16.1,5.4
3681,B,0,0.0,8.32
3682,B,0,0.0,2.04
3683,B,0,0.0,4.07
3684,B,0,0.0,2.51
3685,A,0,0.0,5.46
3686,A,0,0.0,7.74
3687,A,0,0.0,1.61
3688,B,0,0.0,6.23
3689,B,0,0.0,2.65
3690,B,0,0.0,0.73
3691,A,0,0.0,1.59
3692,A,0,0.0,4.88
3693,B,1,13.22,3.97
3694,A,0,0.0,1.82
3695,B,0,0.0,2.63
3696,A,1,11.93,3.71
3697,A,0,0.0,6.17
3698,B,0,0.0,1.49
3699,B,0,0.0,1.31
3700,A,1,7.44,7.02
3701,A,0,0.0,2.82
3702,A,0,0.0,1.33
3703,B,0,0.0,7.67
3704,B,0,0.0,4.62
3705,B,0,0.0,2.01
3706,B,0,0.0,3.25
3707,A,1,9.81,3.64
3708,A,0,0.0,1.38
3709,B,0,0.0,1.65
3710,A,0,0.0,8.83
3711,B,0,0.0,4.43
3712,B,0,0.0,3.84
3713,B,1,12.12,3.86
3714,B,0,0.0,2.77
3715,A,0,0.0,3.5
3716,A,0,0.0,6.84
3717,B,1,9.67,2.7
3718,A,0,0.0,5.46
3719,B,0,0.0,0.6
3720,A,0,0.0,3.3
3721,A,0,0.0,5.69
3722,A,0,0.0,4.18
3723,B,0,0.0,1.87
3724,B,0,0.0,4.97
3725,B,0,0.0,9.25
3726,A,0,0.0,0.27
3727,A,0,0.0,3.93
3728,B,0,0.0,3.76
3729,B,0,0.0,4.02
3730,A,0,0.0,1.35
3731,A,0,0.0,8.22
3732,B,0,0.0,1.43
3733,B,0,0.0,3.33
3734,A,0,0.0,5.49
3735,B,0,0.0,6.13
3736,B,0,0.0,9.24
3737,B,0,0.0,1.39
3738,A,0,0.0,1.92
3739,A,0,0.0,5.94
3740,B,0,0.0,5.17
3741,B,1,13.54,3.25
3742,B,0,0.0,3.31
3743,B,0,0.0,3.07
3744,A,0,0.0,2.83
3745,B,0,0.0,0.74
3746,A,0,0.0,7.97
3747,A,1,5.88,0.9
3748,A,0,0.0,4.79
3749,B,1,14.43,2.03
3750,A,0,0.0,7.69
3751,B,0,0.0,1.78
3752,A,0,0.0,1.8
3753,A,0,0.0,6.4
3754,A,0,0.0,1.4
3755,A,0,0.0,5.47
3756,B,0,0.0,2.36
3757,A,0,0.0,3.21
3758,A,0,0.0,6.96
3759,A,0,0.0,6.21
3760,B,1,5.46,2.28
3761,A,1,3.49,4.8
3762,A,0,0.0,4.97
3763,A,0,0.0,5.73
3764,A,0,0.0,2.18
3765,A,0,0.0,10.46
3766,A,0,0.0,1.89
3767,B,0,0.0,1.02
3768,B,0,0.0,2.65
3769,A,0,0.0,3.69
3770,B,1,19.15,14.33
3771,B,0,0.0,1.59
3772,B,0,0.0,3.17
3773,A,0,0.0,2.01
3774,B,0,0.0,3.59
3775,A,0,0.0,2.79
3776,A,0,0.0,7.72
3777,B,1,18.3,1.65
3778,B,0,0.0,1.99
3779,A,0,0.0,4.85
3780,B,1,11.81,3.41
3781,B,0,0.0,6.95
3782,B,1,11.58,2.16
3783,A,0,0.0,6.38
3784,B,0,0.0,2.24
3785,B,0,0.0,1.74
3786,A,0,0.0,6.06
3787,B,0,0.0,4.09
3788,B,0,0.0,3.99
3789,A,0,0.0,1.27
3790,A,0,0.0,2.09
3791,B,0,0.0,4.14
3792,A,0,0.0,1.97
3793,B,0,0.0,1.38
3794,B,0,0.0,1.95
3795,A,0,0.0,3.21
3796,A,0,0.0,1.09
3797,B,0,0.0,6.15
3798,A,0,0.0,0.92
3799,A,0,0.0,2.75
3800,B,0,0.0,3.73
3801,A,0,0.0,2.04
3802,A,0,0.0,3.13
3803,B,0,0.0,0.54
3804,A,0,0.0,2.15
3805,B,0,0.0,5.02
3806,A,0,0.0,3.88
3807,B,0,0.0,2.56
3808,A,0,0.0,4.38
3809,B,0,0.0,2.47
3810,A,0,0.0,2.36
3811,A,0,0.0,5.62
3812,B,1,12.31,2.4
3813,B,0,0.0,1.85
3814,A,0,0.0,5.79
3815,B,0,0.0,12.3
3816,B,0,0.0,0.42
3817,B,0,0.0,7.98
3818,B,0,0.0,9.5
3819,B,0,0.0,1.87
3820,A,0,0.0,0.99
3821,B,0,0.0,1.45
3822,A,0,0.0,5.25
3823,A,0,0.0,1.69
3824,A,0,0.0,0.62
3825,B,0,0.0,0.65
3826,A,0,0.0,4.61
3827,B,0,0.0,3.29
3828,A,0,0.0,3.32
3829,B,0,0.0,2.61
3830,B,0,0.0,7.19
3831,B,1,10.0,2.59
3832,A,0,0.0,3.43
3833,B,1,11.54,7.0
3834,B,0,0.0,4.72
3835,B,0,0.0,0.94
3836,B,0,0.0,9.19
3837,A,0,0.0,1.61
3838,A,0,0.0,1.14
3839,B,0,0.0,4.55
3840,A,0,0.0,0.86
3841,A,0,0.0,2.01
3842,A,0,0.0,6.26
3843,B,0,0.0,4.59
3844,B,0,0.0,3.31
3845,A,0,0.0,7.64
3846,B,0,0.0,2.19
3847,A,0,0.0,1.37
3848,B,1,18.3,7.18
3849,B,0,0.0,8.38
3850,A,0,0.0,3.54
3851,A,0,0.0,4.66
3852,B,0,0.0,5.15
3853,A,0,0.0,2.96
3854,A,0,0.0,0.35
3855,A,0,0.0,5.1
3856,B,0,0.0,2.49
3857,B,0,0.0,4.06
3858,B,0,0.0,3.15
3859,A,0,0.0,7.11
3860,B,0,0.0,4.45
3861,B,0,0.0,3.31
3862,A,0,0.0,0.34
3863,A,0,0.0,2.31
3864,A,1,12.14,8.8
3865,A,0,0.0,10.68
3866,B,0,0.0,5.79
3867,B,0,0.0,3.68
3868,A,0,0.0,2.81
3869,B,0,0.0,0.42
3870,B,0,0.0,1.61
3871,B,0,0.0,4.49
3872,A,0,0.0,2.44
3873,B,1,5.47,5.01
3874,B,1,14.49,4.65
3875,A,0,0.0,8.43
3876,A,0,0.0,7.43
3877,B,0,0.0,5.0
3878,B,0,0.0,5.47
3879,B,0,0.0,7.95
3880,A,0,0.0,5.48
3881,A,0,0.0,1.81
3882,B,0,0.0,3.53
3883,B,0,0.0,4.77
3884,A,1,15.7,10.1
3885,B,0,0.0,3.46
3886,A,1,11.55,1.33
3887,A,0,0.0,9.98
3888,A,0,0.0,0.65
3889,B,0,0.0,3.82
3890,A,0,0.0,2.61
3891,A,0,0.0,2.97
3892,B,0,0.0,10.57
3893,A,0,0.0,1.89
3894,B,0,0.0,1.01
3895,B,0,0.0,2.99
3896,B,0,0.0,2.71
3897,A,0,0.0,4.62
3898,B,0,0.0,2.32
3899,B,0,0.0,1.89
3900,A,1,12.19,3.26
3901,A,0,0.0,2.88
3902,A,0,0.0,1.54
3903,A,0,0.0,1.43
3904,A,0,0.0,3.28
3905,B,0,0.0,5.88
3906,A,0,0.0,3.57
3907,B,0,0.0,1.76
3908,B,0,0.0,1.8
3909,A,0,0.0,1.93
3910,A,0,0.0,2.28
3911,A,0,0.0,11.8
3912,A,0,0.0,5.0
3913,B,0,0.0,2.59
3914,A,0,0.0,0.98
3915,B,0,0.0,7.49
3916,B,0,0.0,3.95
3917,B,0,0.0,9.57
3918,B,0,0.0,7.45
3919,B,0,0.0,2.67
3920,A,1,12.55,5.28
3921,A,0,0.0,0.41
3922,B,0,0.0,3.01
3923,A,0,0.0,3.23
3924,B,0,0.0,2.85
3925,A,0,0.0,1.67
3926,A,0,0.0,2.22
3927,A,0,0.0,0.72
3928,A,0,0.0,7.9
3929,A,1,12.95,0.95
3930,B,0,0.0,1.53
3931,A,0,0.0,13.38
3932,B,0,0.0,2.13
3933,A,0,0.0,7.72
3934,B,0,0.0,7.69
3935,A,0,0.0,1.89
3936,B,0,0.0,3.02
3937,A,0,0.0,0.88
3938,B,0,0.0,5.01
3939,B,0,0.0,10.83
3940,B,0,0.0,5.67
3941,B,0,0.0,0.78
3942,A,0,0.0,13.45
3943,B,0,0.0,3.01
3944,A,1,4.83,6.97
3945,B,0,0.0,3.63
3946,B,0,0.0,3.24
3947,B,0,0.0,8.12
3948,A,0,0.0,10.82
3949,B,0,0.0,4.94
3950,B,0,0.0,8.02
3951,A,0,0.0,1.5
3952,A,0,0.0,2.94
3953,B,1,13.61,2.72
3954,A,0,0.0,1.74
3955,A,0,0.0,6.06
3956,A,0,0.0,2.46
3957,B,0,0.0,2.06
3958,A,0,0.0,3.5
3959,B,0,0.0,2.01
3960,B,0,0.0,0.44
3961,B,0,0.0,2.66
3962,B,0,0.0,0.61
3963,B,0,0.0,8.28
3964,A,1,9.03,5.39
3965,B,0,0.0,4.91
3966,A,0,0.0,3.32
3967,A,0,0.0,1.82
3968,A,0,0.0,7.31
3969,B,0,0.0,2.98
3970,B,0,0.0,6.01
3971,A,0,0.0,3.49
3972,B,0,0.0,4.82
3973,A,0,0.0,4.23
3974,B,0,0.0,1.34
3975,A,0,0.0,1.34
3976,A,0,0.0,3.59
3977,A,0,0.0,1.05
3978,B,0,0.0,2.31
3979,B,0,0.0,2.67
3980,B,1,13.27,3.98
3981,A,0,0.0,2.9
3982,B,0,0.0,6.6
3983,A,0,0.0,3.27
3984,B,0,0.0,0.79
3985,B,0,0.0,2.07
3986,B,1,16.31,0.72
3987,B,0,0.0,4.23
3988,A,0,0.0,9.34
3989,B,0,0.0,2.46
3990,A,0,0.0,5.19
3991,A,1,9.77,8.22
3992,A,0,0.0,2.78
3993,A,0,0.0,6.5
3994,A,0,0.0,6.67
3995,B,0,0.0,5.57
3996,A,0,0.0,5.62
3997,A,0,0.0,4.6
3998,B,0,0.0,0.68
3999,A,0,0.0,1.13
4000,B,0,0.0,2.14
4001,A,0,0.0,1.89
4002,B,0,0.0,6.91
4003,A,0,0.0,5.91
4004,A,0,0.0,3.79
4005,B,1,17.16,5.27
4006,A,0,0.0,2.99
4007,B,0,0.0,2.63
4008,A,0,0.0,2.27
4009,B,0,0.0,3.02
4010,A,0,0.0,1.5
4011,B,0,0.0,2.67
4012,A,0,0.0,7.35
4013,B,1,8.15,0.33
4014,A,0,0.0,2.31
4015,B,0,0.0,15.83
4016,B,0,0.0,5.24
4017,A,0,0.0,3.73
4018,A,0,0.0,2.01
4019,A,0,0.0,2.3
4020,B,0,0.0,9.53
4021,A,0,0.0,7.58
4022,A,0,0.0,7.19
4023,B,0,0.0,6.68
4024,A,0,0.0,2.7
4025,B,0,0.0,3.86
4026,A,0,0.0,2.47
4027,B,1,4.29,0.23
4028,B,0,0.0,2.02
4029,A,0,0.0,0.64
4030,A,0,0.0,4.51
4031,B,0,0.0,8.53
4032,A,1,8.22,7.04
4033,A,0,0.0,0.95
4034,A,0,0.0,0.54
4035,B,0,0.0,2.94
4036,A,0,0.0,4.0
4037,B,0,0.0,2.13
4038,A,0,0.0,4.33
4039,B,0,0.0,1.79
4040,A,1,9.68,4.09
4041,B,0,0.0,7.48
4042,A,0,0.0,3.91
4043,B,0,0.0,3.51
4044,A,0,0.0,2.8
4045,B,0,0.0,6.93
4046,A,0,0.0,1.85
4047,A,0,0.0,3.33
4048,B,0,0.0,2.23
4049,B,0,0.0,2.59
4050,B,0,0.0,2.99
4051,A,0,0.0,0.57
4052,B,0,0.0,5.28
4053,A,0,0.0,8.68
4054,B,1,18.56,9.19
4055,A,0,0.0,10.2
4056,B,0,0.0,0.33
4057,A,0,0.0,2.69
4058,B,0,0.0,2.89
4059,A,0,0.0,5.29
4060,A,0,0.0,2.76
4061,B,0,0.0,3.54
4062,A,0,0.0,1.45
4063,A,0,0.0,7.22
4064,A,0,0.0,1.32
4065,A,0,0.0,3.61
4066,B,0,0.0,12.79
4067,B,0,0.0,4.01
4068,A,0,0.0,2.69
4069,A,0,0.0,7.5
4070,B,0,0.0,6.25
4071,B,0,0.0,3.12
4072,B,1,18.64,3.45
4073,A,0,0.0,4.73
4074,A,0,0.0,9.66
4075,A,0,0.0,2.47
4076,B,0,0.0,5.11
4077,A,0,0.0,2.03
4078,B,1,9.2,0.7
4079,B,0,0.0,4.68
4080,B,0,0.0,1.46
4081,A,0,0.0,2.93
4082,B,0,0.0,6.73
4083,B,0,0.0,1.5
4084,A,0,0.0,3.03
4085,B,0,0.0,2.79
4086,B,0,0.0,1.07
4087,B,0,0.0,3.39
4088,A,0,0.0,5.12
4089,A,0,0.0,0.77
4090,A,0,0.0,2.37
4091,A,0,0.0,4.33
4092,A,0,0.0,5.11
4093,A,0,0.0,4.2
4094,B,0,0.0,12.95
4095,A,0,0.0,5.7
4096,A,1,11.73,6.06
4097,B,0,0.0,2.49
4098,B,1,17.77,4.88
4099,A,1,9.14,6.2
4100,A,0,0.0,3.63
4101,B,0,0.0,2.56
4102,A,0,0.0,7.74
4103,B,0,0.0,2.32
4104,B,0,0.0,1.71
4105,A,0,0.0,4.08
4106,A,1,13.44,4.92
4107,A,0,0.0,3.12
4108,B,1,9.77,2.02
4109,B,0,0.0,4.62
4110,A,0,0.0,2.44
4111,B,1,11.7,2.33
4112,A,0,0.0,2.65
4113,A,0,0.0,0.75
4114,B,0,0.0,1.66
4115,B,0,0.0,1.18
4116,A,0,0.0,5.53
4117,A,0,0.0,4.96
4118,A,0,0.0,0.62
4119,A,0,0.0,1.45
4120,B,1,11.17,3.13
4121,A,0,0.0,10.36
4122,B,0,0.0,3.65
4123,B,0,0.0,2.77
4124,A,0,0.0,6.15
4125,A,0,0.0,3.57
4126,A,0,0.0,2.57
4127,A,0,0.0,0.64
4128,A,0,0.0,6.12
4129,B,0,0.0,8.56
4130,A,0,0.0,3.54
4131,B,0,0.0,4.39
4132,B,0,0.0,1.61
4133,B,0,0.0,5.64
4134,A,0,0.0,2.85
4135,B,0,0.0,2.08
4136,A,0,0.0,8.98
4137,B,0,0.0,4.86
4138,A,0,0.0,6.9
4139,A,0,0.0,4.76
4140,A,0,0.0,1.17
4141,B,0,0.0,0.55
4142,B,1,15.87,1.67
4143,A,0,0.0,4.97
4144,A,0,0.0,2.68
4145,A,0,0.0,2.85
4146,A,0,0.0,3.8
4147,A,0,0.0,2.34
4148,B,0,0.0,2.22
4149,A,0,0.0,2.43
4150,B,0,0.0,2.82
4151,A,0,0.0,1.13
4152,B,1,14.88,4.86
4153,B,0,0.0,3.03
4154,B,0,0.0,3.62
4155,B,0,0.0,2.13
4156,B,0,0.0,6.23
4157,A,0,0.0,0.66
4158,B,1,11.69,2.33
4159,A,1,13.07,6.45
4160,A,0,0.0,4.03
4161,A,0,0.0,3.87
4162,B,0,0.0,1.32
4163,B,0,0.0,1.04
4164,A,0,0.0,3.7
4165,B,0,0.0,3.41
4166,A,0,0.0,7.53
4167,B,0,0.0,1.85
4168,A,0,0.0,2.5
4169,A,0,0.0,2.23
4170,A,0,0.0,2.16
4171,B,0,0.0,2.84
4172,A,0,0.0,3.48
4173,B,0,0.0,3.2
4174,A,0,0.0,4.62
4175,A,0,0.0,7.92
4176,A,0,0.0,3.23
4177,B,0,0.0,2.26
4178,B,0,0.0,8.02
4179,B,0,0.0,2.3
4180,A,1,12.99,2.88
4181,B,0,0.0,2.89
4182,A,0,0.0,3.77
4183,A,0,0.0,8.4
4184,B,0,0.0,9.8
4185,B,0,0.0,5.45
4186,B,0,0.0,2.68
4187,B,0,0.0,9.59
4188,B,0,0.0,1.73
4189,A,0,0.0,3.6
4190,B,0,0.0,9.95
4191,A,0,0.0,4.1
4192,A,0,0.0,0.99
4193,A,0,0.0,3.79
4194,A,0,0.0,4.1
4195,B,0,0.0,6.33
4196,B,0,0.0,1.01
4197,B,0,0.0,9.21
4198,B,0,0.0,1.35
4199,A,0,0.0,6.13
4200,A,0,0.0,1.28
4201,B,0,0.0,1.75
4202,B,0,0.0,4.25
4203,B,0,0.0,1.9
4204,A,0,0.0,2.99
4205,A,0,0.0,7.15
4206,A,0,0.0,2.89
4207,B,0,0.0,1.35
4208,A,1,11.87,6.82
4209,B,0,0.0,2.94
4210,A,0,0.0,0.6
4211,A,1,13.79,4.19
4212,A,0,0.0,3.76
4213,B,0,0.0,1.65
4214,B,0,0.0,3.74
4215,B,0,0.0,3.41
4216,A,0,0.0,3.11
4217,B,0,0.0,2.81
4218,A,0,0.0,0.71
4219,B,0,0.0,4.73
4220,B,0,0.0,3.78
4221,A,0,0.0,1.34
4222,A,0,0.0,4.47
4223,A,0,0.0,8.86
4224,B,0,0.0,1.23
4225,B,0,0.0,4.53
4226,A,0,0.0,0.32
4227,B,0,0.0,3.17
4228,A,0,0.0,8.29
4229,B,0,0.0,1.28
4230,A,0,0.0,1.18
4231,B,1,15.54,4.41
4232,A,0,0.0,4.06
4233,B,0,0.0,2.11
4234,A,0,0.0,5.1
4235,B,0,0.0,1.76
4236,A,0,0.0,5.05
4237,B,0,0.0,8.76
4238,A,0,0.0,1.24
4239,A,0,0.0,7.32
4240,A,0,0.0,8.11
4241,A,0,0.0,2.5
4242,A,0,0.0,7.44
4243,A,1,9.51,2.61
4244,B,0,0.0,5.32
4245,B,0,0.0,10.87
4246,B,0,0.0,4.67
4247,A,0,0.0,4.86
4248,B,0,0.0,1.65
4249,A,0,0.0,0.99
4250,A,0,0.0,2.61
4251,A,0,0.0,2.35
4252,A,0,0.0,4.5
4253,A,1,8.89,0.36
4254,A,0,0.0,5.24
4255,B,0,0.0,1.58
4256,B,0,0.0,1.66
4257,B,0,0.0,9.96
4258,B,0,0.0,1.6
4259,B,0,0.0,1.27
4260,B,0,0.0,9.94
4261,A,0,0.0,1.05
4262,B,1,10.98,5.74
4263,A,0,0.0,5.88
4264,B,0,0.0,1.76
4265,A,1,12.33,6.21
4266,A,0,0.0,1.53
4267,B,0,0.0,2.53
4268,B,0,0.0,6.52
4269,B,0,0.0,6.19
4270,A,0,0.0,3.64
4271,B,1,13.8,3.33
4272,B,0,0.0,0.58
4273,A,0,0.0,3.22
4274,A,0,0.0,4.13
4275,A,0,0.0,2.02
4276,B,0,0.0,1.23
4277,B,0,0.0,8.9
4278,A,0,0.0,4.19
4279,A,0,0.0,4.05
4280,A,0,0.0,0.59
4281,A,0,0.0,7.38
4282,B,0,0.0,4.0
4283,A,1,8.55,2.46
4284,B,0,0.0,1.5
4285,B,0,0.0,3.74
4286,A,0,0.0,2.83
4287,A,0,0.0,5.1
4288,A,0,0.0,5.06
4289,B,0,0.0,6.82
4290,B,0,0.0,2.88
4291,A,0,0.0,8.62
4292,A,0,0.0,1.4
4293,B,0,0.0,3.39
4294,B,0,0.0,1.9
4295,A,0,0.0,1.96
4296,B,0,0.0,2.69
4297,A,0,0.0,9.1
4298,B,0,0.0,0.37
4299,B,0,0.0,1.5
4300,A,0,0.0,2.06
4301,B,0,0.0,3.43
4302,B,0,0.0,6.14
4303,B,0,0.0,5.19
4304,A,0,0.0,2.32
4305,A,0,0.0,1.76
4306,A,0,0.0,1.35
4307,B,0,0.0,8.23
4308,B,0,0.0,7.45
4309,A,0,0.0,1.54
4310,B,1,12.64,9.99
4311,B,0,0.0,5.76
4312,B,0,0.0,3.64
4313,B,0,0.0,3.24
4314,A,0,0.0,3.81
4315,B,0,0.0,8.01
4316,B,0,0.0,0.61
4317,B,0,0.0,6.24
4318,B,0,0.0,5.01
4319,B,0,0.0,3.58
4320,A,0,0.0,1.82
4321,B,0,0.0,3.74
4322,B,0,0.0,1.77
4323,A,0,0.0,2.69
4324,A,0,0.0,0.74
4325,B,0,0.0,3.11
4326,A,0,0.0,0.3
4327,B,0,0.0,3.16
4328,A,0,0.0,1.05
4329,A,0,0.0,2.6
4330,A,0,0.0,2.98
4331,A,0,0.0,4.99
4332,B,1,12.06,1.85
4333,B,1,11.59,1.14
4334,A,0,0.0,2.41
4335,B,0,0.0,5.53
4336,B,0,0.0,5.7
4337,A,0,0.0,6.94
4338,B,0,0.0,6.5
4339,B,1,9.29,5.61
4340,A,0,0.0,1.05
4341,A,0,0.0,11.37
4342,B,1,12.22,4.61
4343,B,1,12.26,2.28
4344,B,0,0.0,1.2
4345,B,1,15.73,3.2
4346,A,0,0.0,1.01
4347,A,0,0.0,2.52
4348,A,0,0.0,5.9
4349,A,0,0.0,4.49
4350,B,0,0.0,6.21
4351,A,0,0.0,0.04
4352,A,0,0.0,4.79
4353,A,0,0.0,7.85
4354,A,0,0.0,3.62
4355,B,0,0.0,4.23
4356,A,0,0.0,2.19
4357,B,0,0.0,3.92
4358,B,0,0.0,5.46
4359,B,0,0.0,1.61
4360,A,0,0.0,3.47
4361,A,0,0.0,3.66
4362,A,0,0.0,2.22
4363,B,0,0.0,1.81
4364,B,0,0.0,11.44
4365,A,0,0.0,3.43
4366,A,0,0.0,1.26
4367,B,0,0.0,3.8
4368,B,0,0.0,4.5
4369,B,0,0.0,5.44
4370,A,0,0.0,7.31
4371,A,0,0.0,3.25
4372,B,1,20.24,7.57
4373,B,0,0.0,6.87
4374,A,1,8.51,5.73
4375,B,1,7.44,2.92
4376,A,0,0.0,10.07
4377,B,0,0.0,2.32
4378,B,0,0.0,2.74
4379,B,0,0.0,2.88
4380,B,0,0.0,3.88
4381,B,0,0.0,7.2
4382,A,0,0.0,4.4
4383,B,0,0.0,2.45
4384,B,0,0.0,6.6
4385,A,0,0.0,2.04
4386,A,0,0.0,2.37
4387,B,0,0.0,4.02
4388,B,0,0.0,4.8
4389,B,0,0.0,2.68
4390,A,0,0.0,1.98
4391,A,0,0.0,1.65
4392,B,0,0.0,2.75
4393,B,0,0.0,3.07
4394,B,0,0.0,2.38
4395,A,1,19.32,3.0
4396,A,0,0.0,2.54
4397,A,0,0.0,4.24
4398,B,0,0.0,12.98
4399,A,0,0.0,2.89
4400,B,0,0.0,0.96
4401,B,0,0.0,5.36
4402,B,0,0.0,8.45
4403,A,0,0.0,2.63
4404,B,0,0.0,3.41
4405,A,0,0.0,7.18
4406,A,0,0.0,2.46
4407,A,0,0.0,2.67
4408,A,0,0.0,0.58
4409,A,1,10.29,1.88
4410,A,1,3.97,6.65
4411,B,0,0.0,10.02
4412,A,0,0.0,10.93
4413,A,1,3.16,2.16
4414,B,1,10.35,1.27
4415,A,0,0.0,2.71
4416,B,0,0.0,2.03
4417,B,0,0.0,2.4
4418,B,0,0.0,3.99
4419,A,0,0.0,1.16
4420,A,0,0.0,1.68
4421,A,0,0.0,4.69
4422,B,0,0.0,4.78
4423,B,0,0.0,4.74
4424,A,0,0.0,0.95
4425,B,0,0.0,3.92
4426,A,0,0.0,6.9
4427,B,0,0.0,2.81
4428,B,1,16.69,1.42
4429,A,0,0.0,2.4
4430,A,0,0.0,7.17
4431,B,0,0.0,6.67
4432,A,0,0.0,1.46
4433,A,0,0.0,1.78
4434,A,0,0.0,4.1
4435,A,0,0.0,7.7
4436,B,0,0.0,8.39
4437,A,0,0.0,0.22
4438,A,0,0.0,2.94
4439,B,0,0.0,2.18
4440,A,0,0.0,3.76
4441,B,0,0.0,10.55
4442,B,1,13.8,4.09
4443,A,0,0.0,1.71
4444,A,0,0.0,9.62
4445,A,0,0.0,6.87
4446,A,0,0.0,4.34
4447,B,0,0.0,5.59
4448,B,0,0.0,2.85
4449,B,0,0.0,4.09
4450,B,0,0.0,1.12
4451,B,0,0.0,7.6
4452,B,0,0.0,4.34
4453,A,1,9.74,2.01
4454,B,0,0.0,8.57
4455,B,0,0.0,8.03
4456,A,0,0.0,7.56
4457,B,0,0.0,3.88
4458,B,0,0.0,5.4
4459,A,0,0.0,1.46
4460,B,0,0.0,2.35
4461,A,0,0.0,1.49
4462,B,0,0.0,5.84
4463,A,0,0.0,2.35
4464,A,0,0.0,3.96
4465,A,0,0.0,2.7
4466,A,0,0.0,4.01
4467,A,0,0.0,2.09
4468,B,0,0.0,2.02
4469,A,0,0.0,1.34
4470,B,0,0.0,3.62
4471,B,0,0.0,4.96
4472,A,0,0.0,0.9
4473,A,1,11.13,6.68
4474,B,0,0.0,8.86
4475,B,0,0.0,1.75
4476,A,0,0.0,2.71
4477,B,0,0.0,1.49
4478,A,0,0.0,7.09
4479,A,0,0.0,10.45
4480,A,0,0.0,4.06
4481,B,0,0.0,0.44
4482,A,1,15.76,8.59
4483,A,0,0.0,0.6
4484,A,0,0.0,4.58
4485,B,0,0.0,4.2
4486,A,0,0.0,2.97
4487,B,0,0.0,2.54
4488,A,0,0.0,1.72
4489,B,0,0.0,2.37
4490,B,0,0.0,6.36
4491,A,0,0.0,4.5
4492,A,0,0.0,2.51
4493,B,1,19.26,1.59
4494,B,0,0.0,1.42
4495,B,1,11.07,2.32
4496,A,1,15.96,5.23
4497,B,0,0.0,4.81
4498,B,1,7.4,3.94
4499,B,0,0.0,2.34
4500,A,0,0.0,2.04
4501,A,1,10.9,3.07
4502,A,1,12.68,5.18
4503,B,1,11.16,0.91
4504,A,0,0.0,1.21
4505,B,0,0.0,3.63
4506,B,0,0.0,1.01
4507,B,0,0.0,6.16
4508,A,0,0.0,6.66
4509,A,0,0.0,2.34
4510,A,1,17.14,5.14
4511,B,0,0.0,1.32
4512,A,0,0.0,1.13
4513,A,0,0.0,3.6
4514,A,0,0.0,8.49
4515,B,1,10.49,6.47
4516,A,0,0.0,16.85
4517,A,0,0.0,15.91
4518,B,0,0.0,4.53
4519,A,1,18.61,3.85
4520,A,1,4.75,1.38
4521,B,0,0.0,3.7
4522,A,0,0.0,2.8
4523,A,0,0.0,4.81
4524,B,0,0.0,1.0
4525,A,0,0.0,2.62
4526,B,0,0.0,0.59
4527,A,0,0.0,6.69
4528,B,0,0.0,0.5
4529,B,1,11.73,11.53
4530,A,1,12.25,7.29
4531,A,0,0.0,2.3
4532,A,0,0.0,3.97
4533,A,0,0.0,11.5
4534,B,0,0.0,0.32
4535,B,0,0.0,4.73
4536,B,0,0.0,9.19
4537,B,0,0.0,5.19
4538,B,0,0.0,4.37
4539,B,0,0.0,2.94
4540,B,0,0.0,1.66
4541,B,0,0.0,2.91
4542,A,0,0.0,3.26
4543,A,0,0.0,4.88
4544,A,0,0.0,4.43
4545,B,0,0.0,5.64
4546,A,1,7.39,3.28
4547,B,0,0.0,3.69
4548,B,0,0.0,3.57
4549,B,1,4.86,2.21
4550,A,0,0.0,2.16
4551,B,0,0.0,0.88
4552,B,0,0.0,1.12
4553,A,0,0.0,0.93
4554,A,0,0.0,3.82
4555,A,0,0.0,0.58
4556,B,0,0.0,3.63
4557,B,0,0.0,0.84
4558,B,1,13.37,1.39
4559,B,0,0.0,3.18
4560,B,0,0.0,3.02
4561,A,0,0.0,5.12
4562,A,0,0.0,3.93
4563,A,0,0.0,1.98
4564,A,0,0.0,2.71
4565,B,0,0.0,5.27
4566,B,0,0.0,3.26
4567,A,0,0.0,6.15
4568,B,0,0.0,1.6
4569,B,0,0.0,1.66
4570,A,0,0.0,0.99
4571,A,0,0.0,5.95
4572,B,0,0.0,8.69
4573,B,1,16.67,2.2
4574,B,0,0.0,1.95
4575,A,0,0.0,1.1
4576,A,0,0.0,6.58
4577,A,0,0.0,2.54
4578,A,1,6.98,3.81
4579,A,0,0.0,3.44
4580,A,0,0.0,0.74
4581,B,0,0.0,0.5
4582,B,0,0.0,8.26
4583,B,0,0.0,6.99
4584,B,0,0.0,6.28
4585,A,0,0.0,2.76
4586,B,1,11.39,1.6
4587,B,0,0.0,3.24
4588,A,0,0.0,1.42
4589,B,1,14.15,4.02
4590,A,0,0.0,2.82
4591,A,0,0.0,2.25
4592,A,0,0.0,3.95
4593,B,0,0.0,2.6
4594,A,0,0.0,1.35
4595,A,0,0.0,1.61
4596,B,0,0.0,2.97
4597,B,0,0.0,2.5
4598,A,0,0.0,5.41
4599,A,0,0.0,3.76
4600,A,0,0.0,4.06
4601,B,0,0.0,0.95
4602,A,0,0.0,2.67
4603,A,0,0.0,0.92
4604,B,0,0.0,2.0
4605,B,0,0.0,4.65
4606,A,0,0.0,1.88
4607,A,0,0.0,2.34
4608,A,0,0.0,3.68
4609,A,0,0.0,2.27
4610,B,0,0.0,6.65
4611,B,0,0.0,2.08
4612,A,0,0.0,2.67
4613,A,0,0.0,7.68
4614,A,0,0.0,3.6
4615,A,0,0.0,2.84
4616,B,1,15.87,10.12
4617,A,0,0.0,3.94
4618,B,0,0.0,7.69
4619,B,0,0.0,4.95
4620,A,0,0.0,5.15
4621,A,0,0.0,7.98
4622,A,0,0.0,4.71
4623,A,0,0.0,2.45
4624,B,0,0.0,3.02
4625,A,0,0.0,3.23
4626,B,0,0.0,7.29
4627,A,1,12.3,6.4
4628,A,1,11.84,3.96
4629,B,0,0.0,3.45
4630,B,0,0.0,3.92
4631,B,0,0.0,6.96
4632,B,0,0.0,10.51
4633,B,0,0.0,4.13
4634,B,0,0.0,1.48
4635,B,1,14.24,1.09
4636,A,0,0.0,1.44
4637,B,0,0.0,10.61
4638,A,0,0.0,1.08
4639,A,0,0.0,2.42
4640,A,0,0.0,3.62
4641,A,0,0.0,1.66
4642,B,1,7.96,3.67
4643,A,0,0.0,4.68
4644,B,0,0.0,4.2
4645,A,0,0.0,6.77
4646,B,0,0.0,10.87
4647,A,0,0.0,0.45
4648,B,0,0.0,11.23
4649,B,0,0.0,6.75
4650,B,0,0.0,1.89
4651,B,0,0.0,7.47
4652,B,0,0.0,4.29
4653,A,0,0.0,1.43
4654,A,0,0.0,2.35
4655,A,0,0.0,0.98
4656,B,0,0.0,5.63
4657,B,0,0.0,2.78
4658,A,0,0.0,8.25
4659,B,0,0.0,2.86
4660,B,0,0.0,2.7
4661,A,0,0.0,1.41
4662,B,0,0.0,10.2
4663,B,0,0.0,2.7
4664,B,0,0.0,7.82
4665,B,0,0.0,8.43
4666,B,0,0.0,4.53
4667,B,0,0.0,3.78
4668,B,0,0.0,2.6
4669,B,0,0.0,3.45
4670,A,0,0.0,5.02
4671,B,0,0.0,5.89
4672,A,0,0.0,7.86
4673,A,0,0.0,6.13
4674,B,0,0.0,3.61
4675,B,0,0.0,1.61
4676,B,0,0.0,1.85
4677,A,0,0.0,2.76
4678,B,0,0.0,5.66
4679,B,0,0.0,6.67
4680,B,0,0.0,2.06
4681,A,0,0.0,2.46
4682,B,0,0.0,0.47
4683,A,0,0.0,0.45
4684,B,0,0.0,4.92
4685,B,0,0.0,15.49
4686,A,0,0.0,1.67
4687,A,0,0.0,1.61
4688,A,0,0.0,1.31
4689,B,0,0.0,3.39
4690,A,0,0.0,0.71
4691,B,0,0.0,13.1
4692,A,0,0.0,2.95
4693,B,0,0.0,7.48
4694,B,0,0.0,1.36
4695,B,0,0.0,3.21
4696,A,1,13.61,7.01
4697,B,0,0.0,0.26
4698,B,1,7.59,1.0
4699,B,0,0.0,4.45
4700,B,0,0.0,11.42
4701,B,0,0.0,3.6
4702,A,0,0.0,1.47
4703,B,0,0.0,3.36
4704,B,0,0.0,0.62
4705,A,0,0.0,6.05
4706,B,0,0.0,3.74
4707,A,0,0.0,3.49
4708,B,0,0.0,1.6
4709,A,0,0.0,6.09
4710,B,0,0.0,0.36
4711,A,0,0.0,5.42
4712,B,0,0.0,1.79
4713,A,0,0.0,0.88
4714,A,1,16.78,1.74
4715,B,0,0.0,4.68
4716,B,0,0.0,7.14
4717,A,0,0.0,15.03
4718,A,0,0.0,5.03
4719,A,0,0.0,3.26
4720,B,0,0.0,3.0
4721,B,0,0.0,4.25
4722,B,0,0.0,2.04
4723,A,0,0.0,1.95
4724,B,0,0.0,4.12
4725,A,0,0.0,4.95
4726,B,0,0.0,0.34
4727,B,0,0.0,3.4
4728,B,0,0.0,2.46
4729,B,0,0.0,3.43
4730,A,0,0.0,9.01
4731,A,0,0.0,11.63
4732,B,0,0.0,4.82
4733,A,0,0.0,7.95
4734,B,1,6.82,6.55
4735,A,0,0.0,0.3
4736,B,0,0.0,4.2
4737,B,0,0.0,0.39
4738,B,0,0.0,0.2
4739,B,0,0.0,2.87
4740,B,1,7.47,2.51
4741,A,1,16.31,7.39
4742,A,0,0.0,2.69
4743,B,1,5.6,0.7
4744,A,0,0.0,2.64
4745,A,0,0.0,1.62
4746,B,0,0.0,1.03
4747,B,0,0.0,5.51
4748,A,1,6.97,2.92
4749,A,0,0.0,8.44
4750,A,0,0.0,3.88
4751,A,0,0.0,9.92
4752,B,0,0.0,1.84
4753,A,0,0.0,1.99
4754,A,0,0.0,1.98
4755,A,0,0.0,3.31
4756,A,0,0.0,8.18
4757,B,0,0.0,4.42
4758,B,0,0.0,1.0
4759,B,0,0.0,3.94
4760,B,0,0.0,0.37
4761,B,0,0.0,2.91
4762,A,0,0.0,1.95
4763,B,0,0.0,9.54
4764,A,0,0.0,4.92
4765,A,0,0.0,7.29
4766,B,0,0.0,3.35
4767,A,0,0.0,6.35
4768,B,0,0.0,2.28
4769,B,0,0.0,4.43
4770,B,0,0.0,3.9
4771,B,0,0.0,3.89
4772,A,1,8.82,3.45
4773,A,0,0.0,1.4
4774,A,0,0.0,4.96
4775,B,0,0.0,3.1
4776,A,0,0.0,2.16
4777,B,1,15.85,3.62
4778,A,0,0.0,5.7
4779,B,0,0.0,3.65
4780,A,0,0.0,2.99
4781,A,0,0.0,6.66
4782,B,0,0.0,0.91
4783,B,0,0.0,5.35
4784,A,0,0.0,2.35
4785,A,0,0.0,3.32
4786,A,0,0.0,3.52
4787,A,0,0.0,10.59
4788,A,0,0.0,0.26
4789,A,1,9.32,5.83
4790,B,0,0.0,4.9
4791,A,0,0.0,3.94
4792,A,0,0.0,2.27
4793,A,0,0.0,3.47
4794,B,0,0.0,10.07
4795,B,1,4.99,0.66
4796,B,0,0.0,8.74
4797,B,1,21.83,7.11
4798,B,0,0.0,5.57
4799,B,0,0.0,5.88
4800,A,0,0.0,8.06
4801,A,0,0.0,0.28
4802,B,1,13.38,2.9
4803,A,0,0.0,4.6
4804,B,0,0.0,1.5
4805,B,0,0.0,4.34
4806,B,0,0.0,11.84
4807,B,0,0.0,3.33
4808,B,0,0.0,5.05
4809,A,0,0.0,1.06
4810,B,0,0.0,7.02
4811,A,0,0.0,5.23
4812,B,0,0.0,4.66
4813,B,0,0.0,1.56
4814,B,0,0.0,3.47
4815,B,0,0.0,0.62
4816,A,0,0.0,9.68
4817,B,1,11.94,2.42
4818,B,0,0.0,2.19
4819,B,0,0.0,3.86
4820,A,0,0.0,5.18
4821,A,0,0.0,1.15
4822,B,0,0.0,0.89
4823,A,0,0.0,4.23
4824,A,0,0.0,4.95
4825,B,0,0.0,8.68
4826,B,0,0.0,4.32
4827,B,0,0.0,5.88
4828,A,0,0.0,2.49
4829,B,0,0.0,2.94
4830,A,0,0.0,5.51
4831,A,0,0.0,5.05
4832,A,0,0.0,6.63
4833,A,0,0.0,0.67
4834,B,0,0.0,1.93
4835,A,0,0.0,5.6
4836,A,0,0.0,3.57
4837,B,1,12.02,0.67
4838,A,0,0.0,0.33
4839,B,0,0.0,0.09
4840,B,0,0.0,1.42
4841,A,0,0.0,1.59
4842,B,0,0.0,2.49
4843,B,0,0.0,5.76
4844,A,0,0.0,5.48
4845,A,0,0.0,1.19
4846,A,0,0.0,2.23
4847,A,0,0.0,3.11
4848,A,0,0.0,3.07
4849,B,0,0.0,6.86
4850,B,0,0.0,6.16
4851,A,0,0.0,8.46
4852,A,0,0.0,4.5
4853,A,0,0.0,2.97
4854,A,1,17.36,2.85
4855,A,0,0.0,5.39
4856,B,0,0.0,5.7
4857,A,0,0.0,7.28
4858,A,0,0.0,7.82
4859,B,0,0.0,1.46
4860,A,1,9.6,1.89
4861,A,0,0.0,5.56
4862,A,0,0.0,1.76
4863,B,0,0.0,5.43
4864,A,0,0.0,1.12
4865,A,0,0.0,8.88
4866,A,0,0.0,6.47
4867,A,0,0.0,3.65
4868,A,0,0.0,2.36
4869,B,0,0.0,3.81
4870,B,0,0.0,0.85
4871,A,0,0.0,1.85
4872,B,1,18.55,6.89
4873,A,0,0.0,2.83
4874,B,0,0.0,7.39
4875,B,0,0.0,4.25
4876,B,0,0.0,1.15
4877,B,0,0.0,0.39
4878,A,0,0.0,3.61
4879,B,1,11.31,1.91
4880,B,0,0.0,2.47
4881,B,0,0.0,13.21
4882,B,0,0.0,3.72
4883,A,0,0.0,1.93
4884,B,0,0.0,2.76
4885,B,0,0.0,4.34
4886,B,1,10.14,1.49
4887,B,0,0.0,1.1
4888,B,0,0.0,8.19
4889,B,0,0.0,4.31
4890,A,1,9.71,8.66
4891,A,0,0.0,2.09
4892,A,0,0.0,1.76
4893,A,0,0.0,2.08
4894,A,0,0.0,1.22
4895,B,0,0.0,1.45
4896,B,0,0.0,3.85
4897,B,0,0.0,3.85
4898,A,0,0.0,3.04
4899,B,0,0.0,2.63
4900,A,0,0.0,6.8
4901,A,0,0.0,6.52
4902,B,0,0.0,5.34
4903,B,1,18.72,8.03
4904,A,0,0.0,4.86
4905,B,0,0.0,3.48
4906,B,0,0.0,5.06
4907,B,0,0.0,6.6
4908,B,1,9.8,12.03
4909,B,0,0.0,3.09
4910,B,0,0.0,3.43
4911,A,0,0.0,1.19
4912,B,0,0.0,2.05
4913,B,0,0.0,1.08
4914,B,0,0.0,2.64
4915,B,0,0.0,2.85
4916,A,0,0.0,6.61
4917,B,0,0.0,3.27
4918,A,1,11.14,2.38
4919,A,0,0.0,1.84
4920,B,1,17.36,1.21
4921,B,0,0.0,8.72
4922,B,0,0.0,6.4
4923,A,0,0.0,1.26
4924,B,0,0.0,3.36
4925,B,0,0.0,1.54
4926,A,0,0.0,4.16
4927,B,0,0.0,5.47
4928,B,0,0.0,2.76
4929,A,1,11.08,0.61
4930,A,0,0.0,1.45
4931,B,1,9.74,1.62
4932,A,0,0.0,11.84
4933,B,0,0.0,8.6
4934,B,0,0.0,5.07
4935,A,0,0.0,1.77
4936,B,0,0.0,1.98
4937,B,0,0.0,1.81
4938,B,0,0.0,5.78
4939,A,0,0.0,0.58
4940,A,1,13.71,6.25
4941,A,0,0.0,0.99
4942,A,1,10.15,6.94
4943,A,1,12.68,5.06
4944,A,0,0.0,3.55
4945,B,1,16.58,3.58
4946,A,0,0.0,2.56
4947,A,1,11.83,14.14
4948,B,0,0.0,2.57
4949,B,0,0.0,3.38
4950,A,0,0.0,3.91
4951,A,0,0.0,2.46
4952,A,0,0.0,8.17
4953,B,0,0.0,1.67
4954,B,0,0.0,1.86
4955,A,0,0.0,0.7
4956,B,0,0.0,4.44
4957,B,0,0.0,2.51
4958,A,0,0.0,3.79
4959,B,0,0.0,5.97
4960,B,0,0.0,1.9
4961,B,0,0.0,1.64
4962,A,0,0.0,2.11
4963,A,0,0.0,9.88
4964,A,0,0.0,0.91
4965,A,0,0.0,6.99
4966,A,0,0.0,5.24
4967,B,0,0.0,7.35
4968,B,0,0.0,4.22
4969,B,0,0.0,3.33
4970,A,0,0.0,1.12
4971,B,0,0.0,3.15
4972,A,0,0.0,3.14
4973,B,0,0.0,1.29
4974,B,1,8.08,7.31
4975,B,1,8.87,8.49
4976,A,0,0.0,0.9
4977,B,0,0.0,5.81
4978,B,0,0.0,5.25
4979,A,0,0.0,7.01
4980,B,0,0.0,3.2
4981,A,0,0.0,3.39
4982,A,0,0.0,8.56
4983,A,0,0.0,1.57
4984,B,0,0.0,6.28
4985,A,0,0.0,1.23
4986,B,0,0.0,5.36
4987,A,0,0.0,3.18
4988,B,0,0.0,4.99
4989,B,0,0.0,1.66
4990,A,0,0.0,3.32
4991,A,0,0.0,4.48
4992,B,0,0.0,8.69
4993,A,0,0.0,4.59
4994,A,0,0.0,2.77
4995,A,0,0.0,1.89
4996,A,0,0.0,8.05
4997,B,0,0.0,8.66
4998,A,0,0.0,8.76
4999,B,0,0.0,10.56
